time,x,y,x_gt,y_gt,error_x,error_y
0.0,0.0,0.0,0.0,0.0,0.0,0.0
0.5,-0.15362800420970471,0.0048495822967626334,1.6147947392602768e-08,-2.4852665004169993e-08,0.15362802035765211,0.0048496071494276375
1.0,0.074783933389033178,-0.059876239995001371,2.8499647786739501e-08,-1.4098731993390661e-09,0.074783904889385397,0.059876238585128173
1.5,0.13510033938657709,-0.036325056645906885,-1.2149095954434199e-07,2.8448681648978623e-07,0.13510046087753663,0.036325341132723378
2.0,-0.007400423741321549,0.099036938612049513,-4.9541410363826926e-07,7.8817888025668028e-07,0.0073999283272179108,0.099036150433169254
2.5,0.23575228712642071,0.22363098345341548,-1.0738101264668984e-06,1.3486031415735444e-06,0.23575336093654717,0.2236296348502739
3.0,0.40823597361369041,-0.58650993863903145,-1.8113916219270893e-06,1.7685852513377441e-06,0.40823778500531233,0.58651170722428281
3.5,0.41045802834238643,-0.34743325414347076,-2.6781511519126576e-06,1.8782118802347969e-06,0.41046070649353833,0.34743513235535101
4.0,0.10405376933959445,-0.79263626585317704,-3.6692845728264074e-06,1.5516227436156628e-06,0.10405743862416728,0.79263781747592066
4.5,0.22683517425669084,-1.0591829443945033,-4.7985995025093965e-06,6.9866742152199841e-07,0.22683997285619334,1.0591836430619248
5.0,-0.047287416595742093,-1.2659299072189127,-6.1009274694272137e-06,-7.2940616710603178e-07,0.047281315668272664,1.2659291778127457
5.5,-0.2097349525049175,-1.1801625316708984,-7.6191491392582698e-06,-2.7588472422058347e-06,0.20972733335577823,1.1801597728236561
6.0,-0.29647266255886362,-0.86841279049065689,-9.3986367260562478e-06,-5.4010376719260861e-06,0.29646326392213757,0.86840738945298501
6.5,-0.2840325017150227,-0.33828454819368342,-1.1483339433957385e-05,-8.6579297780932185e-06,0.28402101837558874,0.33827589026390531
7.0,-0.20042946857046495,-0.12854793956464727,-1.3913701825291524e-05,-1.2524906049398439e-05,0.20041555486863966,0.12853541465859789
7.5,-0.53038567322308072,-0.094512875920530676,-1.6725786455073191e-05,-1.6991985752345934e-05,0.53036894743662566,0.094495883934778327
8.0,-1.0304367993888903,0.27744928827883858,-1.9951039782041613e-05,-2.2044210824516005e-05,1.0304168483491083,0.2774713324896631
8.5,-0.76804256471552601,0.2710884067555655,-2.3616317464737999e-05,-2.7661776587964919e-05,0.76801894839806129,0.27111606853215348
9.0,-0.64002992080176058,0.3635309422104705,-2.7743961382988479e-05,-3.382020471102449e-05,0.64000217684037763,0.36356476241518154
9.5,-0.57811816529594617,-0.3823141324908001,-3.2351848289659764e-05,-4.0490661724931761e-05,0.57808581344765653,0.38227364182907514
10.0,-0.53694386382955483,-0.04753556504304024,-3.7453402395650277e-05,-4.7640417019145308e-05,0.53690641042715914,0.047487924626021097
10.5,-0.6767867278349754,0.26628196210364169,-4.3057593981900894e-05,-5.5233390440342862e-05,0.67674367024099347,0.26633719549408202
11.0,-0.68386991146786025,0.37559034240831768,-4.9168950307830977e-05,-6.323073519013398e-05,0.68382074251755243,0.37565357314350784
11.5,-0.40194607632016821,0.2028954828400315,-5.578759775528887e-05,-7.1591414834547748e-05,0.40189028872241295,0.20296707425486604
12.0,-0.46328932220684099,0.29827698406879105,-6.2909344305602804e-05,-8.0272749992830339e-05,0.46322641286253541,0.29835725681878389
12.5,-0.44697531116979849,0.22233691142059608,-7.0525803476324922e-05,-8.9230923907407636e-05,0.44690478536632217,0.2224261423445035
13.0,-0.48409063608187336,0.3710331694621703,-7.8624556004243973e-05,-9.8421444691161971e-05,0.48401201152586909,0.37113159090686149
13.5,-0.57919159628273309,0.32936880342899033,-8.7189343478441322e-05,-0.00010779956621871142,0.57910440693925469,0.32947660299520903
14.0,-0.56739426801260029,0.32395422083674952,-9.6200287861723926e-05,-0.00011732067086194706,0.56729806772473856,0.32407154150761147
14.5,-0.33838013897100055,0.48813998536857861,-0.00010563413148289274,-0.00012694061699894819,0.33827450483951765,0.48826692598557758
15.0,-0.34260117178652033,0.3246920487368703,-0.0001154644929982324,-0.00013661605345513121,0.34248570729352212,0.32482866479032541
15.5,-0.21182705430943152,0.4823160813664929,-0.00012566213566143992,-0.00014630470231764161,0.21170139217377007,0.48246238606881053
16.0,-0.25153566443247011,0.35189760712513163,-0.00013619524487853662,-0.00015596561110676043,0.2513994691875916,0.35205357273623838
16.5,-0.52947913976832683,0.15990160569315437,-0.0001470297124567448,-0.00016555937509988813,0.52933211005587011,0.16006716506825425
17.0,-0.54476142916057901,-0.17786265784099528,-0.00015812942523604211,-0.00017504833060911191,0.54460329973534294,0.17768760951038617
17.5,-0.78910457678098334,-0.21211132021325041,-0.00016945655597949246,-0.00018439672012276773,0.78893512022500389,0.21192692349312764
18.0,-0.60961426113957684,-0.21132083902031221,-0.0001809718545406615,-0.0001935708303663347,0.60943328928503615,0.21112726818994587
18.5,-0.46552629478271501,-0.029628203475080349,-0.00019263493745249867,-0.00020253910447508809,0.46533365984526254,0.029425664370605262
19.0,-0.42404429458328496,0.31243112860822497,-0.0002044045742060147,-0.0002112722295826108,0.42383989000907896,0.31264240083780759
19.5,-0.35347919417496243,0.13573319367599257,-0.00021623896861296173,-0.00021974320121154696,0.35326295520634948,0.13595293687720411
20.0,-0.16599404975651461,0.37792003808867686,-0.0002280960337732987,-0.00022792736590974714,0.1657659537227413,0.37814796545458662
20.5,0.048166725729822522,0.19620899607051015,-0.00023993365929365942,-0.00023580244361177054,0.048406659389116181,0.19644479851412192
21.0,-0.38109304188288429,0.10961122726390504,-0.00025170996952473656,-0.00024334853122830893,0.38084133191335956,0.10985457579513336
21.5,-0.63363265691729997,0.34536245947315736,-0.00026338357170250831,-0.00025054808897685769,0.63336927334559745,0.3456130075621342
22.0,-0.78289728685240523,0.30266823430336548,-0.00027491379299029599,-0.00025738591096988904,0.78262237305941496,0.30292562021433539
22.5,-1.0657417596666949,-0.13954618366541541,-0.00028626090552594875,-0.00026384908157102188,1.0654554987611691,0.1392823345838444
23.0,-1.2507242995642596,-0.01846553007315288,-0.00029738633868141382,-0.00026992691901714361,1.2504269132255781,0.018195603154135737
23.5,-1.1927683916496654,-0.22369688123514744,-0.00030825287784161799,-0.00027561090778504562,1.1924601387718239,0.22342127032736239
24.0,-1.3208768076889776,0.079043481280241912,-0.00031882484910602198,-0.00028089462115572339,1.3205579828398717,0.07932437590139764
24.5,-1.2989889064056284,-0.18598337036020851,-0.00032906828940958756,-0.00028577363540036304,1.2986598381162189,0.18569759672480815
25.0,-1.4647065080906556,0.17145172995999153,-0.00033895110164967657,-0.0002902454369817422,1.464367556989006,0.17174197539697328
25.5,-1.3905888748533488,0.61458706505453109,-0.00034844319448925671,-0.00029430932414045566,1.3902404316588595,0.61488137437867152
26.0,-1.2714074213926734,0.71177613957578556,-0.00035751660657853886,-0.00029796630423123351,1.2710499047860948,0.71207410588001674
26.5,-1.3761618347763487,1.0853844416197178,-0.0003661456149800413,-0.00030121898822564288,1.3757956891613687,1.0856856606079435
27.0,-1.6166638119394272,0.71468685723852166,-0.00037430682754639532,-0.00030407148399647549,1.6162895051118809,0.71499092872251813
27.5,-1.7561663956122187,0.41471966314036834,-0.00038197925872437559,-0.00030652929063094844,1.7557844163534944,0.41502619243099931
28.0,-1.4763618128647498,0.11529960893103169,-0.00038914438712787995,-0.00030859919811718878,1.475972668477622,0.11560820812914888
28.5,-1.8580926871120105,-0.26094122029415406,-0.00039578618829292544,-0.00031028920509752186,1.8576969009237176,0.26063093108905655
29.0,-1.7996063617335125,-0.61481863114051405,-0.00040189110629487305,-0.00031160851534966778,1.7992044706272177,0.61450702262516443
29.5,-1.9051377298727614,-0.76731895183566534,-0.00040744731746198299,-0.00031256863012445955,1.9047302825552994,0.76700638320554093
30.0,-1.9601583113341257,-0.90044305870172492,-0.00041245134201000835,-0.00031317306186113631,1.9597458599921156,0.90012988563986374
30.5,-2.1593160716349193,-0.8760036541957722,-0.00041689597685573755,-0.00031343611281501297,2.1588991756580636,0.87569021808295722
31.0,-1.9635535436423424,-0.48662188811405471,-0.00042077573556062036,-0.00031337405882149027,1.9631327679067818,0.48630851405523323
31.5,-2.1604976584542044,-0.69834068022990792,-0.00042408984703789355,-0.00031300072915657233,2.1600735686071664,0.6980276795007514
32.0,-2.0904364612901194,-0.85362870867098861,-0.00042684081096918802,-0.0003123295017604037,2.0900096204791501,0.8533163791692282
32.5,-2.44260348195915,-1.0271862502387596,-0.00042903375613592367,-0.00031137377429755824,2.4421744482030139,1.0268748764644622
33.0,-2.5023490834630686,-0.64661718098919763,-0.00043067598238445356,-0.00031014712706978637,2.5019184074806842,0.64630703386212784
33.5,-2.1815060098718178,-0.59976434556767555,-0.0004317766785685376,-0.00030866325051268073,2.1810742331932493,0.59945568231716284
34.0,-2.048944573822038,-0.14875488240738655,-0.00043234681131587078,-0.00030693565072937272,2.0485122270107223,0.14844794675665718
34.5,-1.653344752137706,-0.14321938529892439,-0.00043240011754362028,-0.00030497564749677112,1.6529123520201625,0.14291440965142763
35.0,-1.593757771555981,-0.22697222251413129,-0.00043194421440466635,-0.00030280546403611353,1.5933258273415762,0.22666941705009519
35.5,-1.0361376757572149,-0.66268902721342227,-0.00043099306385847733,-0.00030043856631984344,1.0357066826933565,0.66238858864710237
36.0,-1.3410085960696494,-0.96521553509516522,-0.00042956721486753934,-0.00029788129843540741,1.3405790288547819,0.96491765379672978
36.5,-1.006731175805744,-0.88102662915688912,-0.00042768613128364534,-0.00029514525378340024,1.0063034896744603,0.88073148390310574
37.0,-1.2818521467053323,-0.87774114791131508,-0.00042536967606096701,-0.00029224435213935125,1.2814267770292713,0.87744890355917571
37.5,-1.3181287606179468,-0.73822195693137849,-0.00042263873281581392,-0.00028919327826031505,1.3177061218851309,0.73793276365311822
38.0,-1.3057932056103079,-0.93955835392648512,-0.00041951545639111828,-0.00028600662847554369,1.3053736901539168,0.93927234729800957
38.5,-2.013336327875817,-0.94704641792619304,-0.00041602326627880972,-0.0002826985511864203,2.0129203046095383,0.94676371937500658
39.0,-2.5318565522963183,-0.67101352415363347,-0.00041218669595865555,-0.00027928266766683122,2.5314443656003598,0.67073424148596661
39.5,-2.5305369537204299,-0.36209771947280706,-0.00040803118320315165,-0.00027577211742112499,2.5301289225372265,0.36182194735538592
40.0,-2.3794505105542871,-0.71385833885964622,-0.00040358285389287843,-0.0002721796337477896,2.3790469277003941,0.71358615922589841
40.5,-2.5028500940826466,-0.96249596815164351,-0.0003988683241465832,-0.00026851760458718659,2.5024512257585001,0.96222745054705627
41.0,-3.0278354127414966,-0.35831505488995813,-0.00039391452719841457,-0.00026479810564701746,3.0274414982142983,0.35805025678431113
41.5,-2.8906662522190958,0.16618539035281549,-0.00038874856208538774,-0.00026103290908885602,2.8902775036570105,0.16644642326190434
42.0,-2.9886776988521508,0.28024566051262861,-0.00038339755821553581,-0.00025723347658310777,2.9882943012939354,0.28050289398921174
42.5,-3.3698243243568169,0.34215434173379411,-0.00037788855039148532,-0.000253410945188714,3.3694464358064256,0.34240775267898282
43.0,-3.7596648455527326,0.57280819007920236,-0.0003722483606831255,-0.00024957611189439826,3.7592925971920494,0.57305776619109672
43.5,-3.8563030917908221,0.56393373799429025,-0.0003665034853965313,-0.00024573941986694468,3.8559365883054255,0.56417947741415719
44.0,-3.4539461157980287,0.59580236137117459,-0.00036067998673031419,-0.00024191094739076704,3.4535854358112985,0.59604427231856538
44.5,-3.4284814155333567,0.64335808732074606,-0.00035480338945910683,-0.00023810039931318857,3.4281266121438976,0.64359618772005922
45.0,-3.4604486928977485,0.19398529430236058,-0.00034889858326642061,-0.0002343171003458685,3.4600997943144822,0.19421961140270647
45.5,-3.5764343642239389,-0.19418344205321042,-0.00034298973134806775,-0.0002305699895384432,3.5760913744925906,0.19395287206367198
46.0,-3.6252777332651669,0.1727158854034912,-0.00033710018577651858,-0.0002268676154006041,3.6249406330793903,0.17294275301889181
46.5,-3.7369767651323196,-0.27338053801637302,-0.0003312524099568536,-0.00022321813135092335,3.7366455127223626,0.27315731988502212
47.0,-3.7869253120946613,-0.26505342350601235,-0.00032546790836447827,-0.00021962929133956924,3.7865998441862967,0.26483379421467279
47.5,-3.3487454845718645,-0.15887021147115668,-0.00031976716365003703,-0.00021610844560493363,3.3484257174082144,0.15865410302555175
48.0,-3.2422836321692095,-0.1550146074550478,-0.00031416958112416435,-0.00021266253658700328,3.2419694625880853,0.1548019449184608
48.5,-3.3991439737028522,0.15760720272108492,-0.00030869344058404762,-0.00020929809504884579,3.3988352802622681,0.15781650081613377
49.0,-2.9924452970221598,0.42550335951140028,-0.00030335585540584262,-0.00020602123646728651,2.992141941166754,0.42570938074786757
49.5,-2.9836097014561767,0.40264091677240843,-0.00029817273879499554,-0.00020283765775578377,2.9833115287173815,0.40284375443016424
50.0,-2.7547769618593141,0.20422570068113255,-0.00029315877705605819,-0.00019975263438306489,2.754483803082258,0.20442545331551562
50.5,-2.8497169390923855,0.77316603462812006,-0.00028832740971368573,-0.00019677101795272545,2.8494286116826717,0.77336280564607274
51.0,-2.7247710584376641,0.47234485980439028,-0.00028369081628672866,-0.00019389723431225415,2.7244873676213772,0.47253875703870252
51.5,-2.8964101233652109,-0.015904756691767441,-0.00027925990948748165,-0.00019113528226489496,2.8961308634557232,0.015713621409502547
52.0,-3.2336081219265567,0.5611937877594646,-0.00027504433458787667,-0.00018848873296491676,3.2333330775919689,0.56138227649242955
52.5,-2.8689503300742665,0.7824856390800925,-0.0002710524746618409,-0.00018596073008873555,2.8686792775996048,0.7826715998101812
53.0,-2.6821757012333429,0.44315583272658432,-0.000267291461372713,-0.00018355399089844398,2.6819084097719701,0.44333938671748274
53.5,-2.6889460842841242,0.36261973097547739,-0.00026376719091259057,-0.00018127080837097403,2.6886823170932117,0.36280100178384839
54.0,-2.6653595923574303,0.42503994032571174,-0.00026048434457571693,-0.00017911305471495376,2.6650991080128543,0.4252190533804267
54.5,-2.5028018308394961,0.1282124691039811,-0.0002574464131276922,-0.00017708218703805538,2.5025443844263684,0.12838955129101914
55.0,-2.69330285259417,0.19725104146086322,-0.00025465572307871816,-0.0001751792574780188,2.6930481968710911,0.19742622071834123
55.5,-2.293727590491363,0.15041293903390726,-0.00025211345822866155,-0.0001734049373160411,2.2934754770331343,0.15058634397122331
56.0,-1.5581037531099564,0.28265370209362306,-0.00024981959452355335,-0.00017175968110396265,1.5578539335154329,0.282825461774727
56.5,-0.99165854071352177,0.2039399546392891,-0.00024777319391999011,-0.00017024333508992089,0.99141076751960178,0.20411019797437902
57.0,-0.65097438030382337,0.12502368702407873,-0.00024597414266409217,-0.00016885247645674278,0.65072840616115923,0.12519253950053547
57.5,-0.70723339039328414,-0.04580189755722628,-0.00024441806418312273,-0.00016758849556886132,0.70698897232910107,0.04563430906165742
58.0,-0.2741088415562124,-0.21538304484744647,-0.00024310070535492898,-0.00016645078261725169,0.27386574085085746,0.21521659406482921
58.5,-0.53105927339325343,0.14709630215348829,-0.00024201729193464589,-0.00016543775138564383,0.5308172561013188,0.14726173990487393
59.0,-0.62306503747120356,0.32326473992008964,-0.00024116241581389783,-0.00016454715819500735,0.62282387505538972,0.32342928707828467
59.5,-0.6368463247863545,0.23313579288294978,-0.00024052996336834158,-0.00016377637338814698,0.63660579482298618,0.23329956925633794
60.0,-0.58963835882872373,0.11334990542158373,-0.00024011312426297358,-0.00016312251944320134,0.58939824570446075,0.11351302794102693
60.5,-0.58902603691808464,0.15826590032142035,-0.00023990444770016862,-0.00016258252317275678,0.58878613247038447,0.1584284828445931
61.0,-0.72096395564631788,0.34997248785859014,-0.00023989591899351346,-0.00016215312499913339,0.72072405972732434,0.35013464098358926
61.5,-0.69809542934076374,0.27787609106307876,-0.00024007903889531197,-0.0001618308741107362,0.6978553503018684,0.27803792193718951
62.0,-0.7000755668494153,-0.1016260453968319,-0.00024044489677834167,-0.00016161212463245819,0.69983512195263697,0.10146443327219944
62.5,-0.68280350483275198,-0.21825148270590519,-0.00024098423493254769,-0.0001614930381663476,0.68256252059781941,0.21808998966773885
63.0,-0.44799793513351671,0.26207882522115256,-0.00024168750483622109,-0.00016146959239550241,0.44775624762868049,0.26224029481354805
63.5,-0.94194940831413776,-0.31752639679699152,-0.00024254491825634019,-0.00016153759240122146,0.94170686339588139,0.31736485920459029
64.0,-0.8690836676740108,-0.08045585787466486,-0.0002435464989080408,-0.00016169267710774469,0.86884012117510279,0.08029416519755711
64.5,-0.59329597114517596,-0.19905863927752063,-0.00024468216139760874,-0.00016193028144802964,0.59305128898377835,0.19889670899607259
65.0,-0.92057100314885365,-0.0008070078521173335,-0.00024594185583970342,-0.00016224550559211507,0.92032506129301395,0.00064476234652521846
65.5,-0.67611569224644963,-0.068726490330839635,-0.00024731394805162699,-0.00016263573532720741,0.67586837829839796,0.068563854595512425
66.0,-0.49908217779710656,0.11754728089878135,-0.00024878869073739263,-0.00016309520417260957,0.49883338910636915,0.11771037610295396
66.5,-0.70801824627577181,0.054499863284509842,-0.00025035609666338636,-0.00016361829358693678,0.70776789017910846,0.054663481578096779
67.0,-0.57644574637731072,-0.09447367669416791,-0.00025200581917941595,-0.00016419982950773617,0.57619374055813133,0.09430947686466018
67.5,-0.50780748566919565,-0.39416403275864137,-0.00025372738341350573,-0.00016483486045465156,0.50755375828578209,0.39399919789818671
68.0,-0.65354755042121959,-0.35538248262927558,-0.00025551034159880791,-0.00016551853884735836,0.65329204007962083,0.35521696409042824
68.5,-0.88716876363220054,-0.28956184439270943,-0.00025734441618073908,-0.00016624600003931241,0.88691141921601979,0.28939559839267009
69.0,-0.67386099565852664,-0.088506157143545039,-0.00025921956065429202,-0.00016701235639375901,0.67360177609787231,0.088339144787151283
69.5,-0.54734181503377954,-0.25668795365990188,-0.00026112599469715989,-0.00016781272110036568,0.54708068903908236,0.25652014093880149
70.0,-0.042731495998451108,-0.33861478967651415,-0.00026305422782209353,-0.00016864224196141812,0.042468441770629015,0.33844614743455276
70.5,-0.26838635562114843,-0.043161521180217793,-0.00026499507955322021,-0.00016949613404177027,0.26812136054159519,0.042992025046176024
71.0,-0.13674605112641303,-0.093734353847680363,-0.00026693969943902899,-0.00017036970676212302,0.136479111426974,0.093563984140918238
71.5,0.43947931073752183,-0.19535548185363133,-0.00026887958746167238,-0.00017125838496207823,0.43974819032498352,0.19518422346866926
72.0,0.58069001786068741,-0.54547783882994161,-0.00027080661415286703,-0.00017215772522220001,0.58096082447484032,0.54530568110471944
72.5,0.92432653983501856,-0.33785788124223237,-0.00027271303938084386,-0.00017306342916961184,0.92459925287439937,0.33768481781306275
73.0,0.52941773564623773,-0.12978103799263299,-0.00027459152874700432,-0.00017397135545839777,0.52969232717498471,0.12960706663717458
73.5,0.67540405431273776,0.30139601019117068,-0.00027643516598814028,-0.00017487753285969852,0.67568048947872594,0.3015708877240304
74.0,0.82593808978331862,0.78789231296441731,-0.00027823745337647631,-0.00017577818657593761,0.82621632723669514,0.7880680911509933
74.5,1.2852270917867461,1.0666472031435341,-0.00027999229687300021,-0.00017666978074488827,1.2855070840836191,1.0668238729242789
75.0,1.160209810522894,0.88407085525780504,-0.00028169466171210593,-0.00017754800983385533,1.1604915051846061,0.88424840326763887
75.5,1.3852444189872297,0.98788742873817414,-0.00028333891132520758,-0.00017841040595484767,1.385527757898555,0.98806583914412904
76.0,1.2329850286836574,0.97683201208789172,-0.00028492032694588814,-0.00017925401427975774,1.2332699490106034,0.97701126610217148
76.5,1.1663277537307881,0.94148677103728118,-0.00028643474109355557,-0.0001800759835755751,1.1666141884718817,0.94166684702085679
77.0,1.2923490510951092,0.74699259368922599,-0.00028787844674472231,-0.00018087370054408332,1.2926369295418541,0.74717346738977009
77.5,1.6167243253664745,0.3531317522459464,-0.0002892482179184999,-0.00018164474656141752,1.6170135735843929,0.3533133969925078
78.0,1.6615063000404025,0.34200964779502113,-0.00029054129129530462,-0.00018238691307498022,1.6617968413316977,0.34219203470809612
78.5,1.6243951165551864,0.39780075361045752,-0.00029175533831315179,-0.00018309822790889759,1.6246868718934995,0.39798385183836643
79.0,1.7687901348407562,1.2334039617681367,-0.00029288845773925578,-0.00018377694795909845,1.7690830232984955,1.2335877387160958
79.5,2.1419208264055132,1.1317464721387047,-0.00029393916775665525,-0.00018442155029075514,2.1422147655732697,1.1319308936889956
80.0,2.1764586319010948,0.93607714977398504,-0.00029490639599031291,-0.00018503072407523752,2.1767535382970853,0.93626218049806031
80.5,2.419524164026019,1.2417700382044261,-0.00029578946720766483,-0.00018560336389233665,2.4198199534932265,1.2419556415683184
81.0,2.3339824793768691,1.2763617663480571,-0.00029658808902787359,-0.00018613856405837783,2.3342790674658969,1.2765479049121156
81.5,2.4478325873673987,1.1355490724911017,-0.0002973023361533513,-0.00018663561339829352,2.4481298897035519,1.1357357081045001
82.0,2.5098535748837474,0.63821756153984033,-0.00029793263359660053,-0.00018709398995825482,2.5101515075173442,0.63840465552979864
82.5,2.3521193663888198,0.79252530194770943,-0.00029847974894118775,-0.00018751334033639046,2.3524178461377612,0.79271281528804582
83.0,2.2966353276288465,1.2523212443909462,-0.00029894475485965248,-0.00018789350427171156,2.2969342723837061,1.2525091378952178
83.5,2.2758713194549056,1.2999341064698977,-0.00029932899267288618,-0.00018823453563708497,2.2761706484475783,1.3001223410055347
84.0,1.975255069994901,1.5545456422679849,-0.00029963412218903088,-0.00018853658987087775,1.97555470411709,1.5547341788578557
84.5,1.8577308977387239,1.3980127607116808,-0.00029986205885000161,-0.00018879998559574986,1.8580307597975738,1.3982015606972766
85.0,1.5961644177479286,0.75297972476597841,-0.00030001495592856729,-0.00018902519562306278,1.5964644327038571,0.75316874996160144
85.5,1.7782389908499392,0.28792829934665237,-0.00030009518737086937,-0.00018921283671643715,1.77853908603731,0.28811751218336878
86.0,1.5803064899475299,0.15739416204798271,-0.00030010533049411661,-0.00018936365944322202,1.5806065952780239,0.15758352570742593
86.5,1.3777929687212693,0.12739683644389685,-0.0003000481483423335,-0.00018947853852352341,1.3780930168696117,0.12758631498242037
87.0,1.4319258837439661,0.31538505018082547,-0.00029992657175243831,-0.0001895584636915681,1.4322258103157186,0.31557460864451703
87.5,1.0001736502092375,0.4274771068338919,-0.00029974368128481642,-0.00018960453091832651,1.0004733938905224,0.42766671136481021
88.0,0.82882537735780482,-0.10912121297384345,-0.00029950268918186684,-0.00018961793382310955,0.8291248800469867,0.10893159504002034
88.5,0.71778739255348734,0.091277029929701339,-0.00029920692148613457,-0.00018959995514711771,0.71808659947497344,0.091466629884848452
89.0,0.71986893686667508,0.034172010593319674,-0.00029885980040913351,-0.00018955195822239899,0.72016779666708419,0.034361562551542074
89.5,0.7089356859510535,0.39007093551942806,-0.00029846482700901018,-0.00018947537841992223,0.70923415077806251,0.39026041089784796
90.0,0.72736142824803229,0.63115304212051782,-0.00029802556421495215,-0.00018937171459240315,0.72765945381224728,0.63134241383511025
90.5,1.0613574067305844,1.2715638151200577,-0.00029754562022719423,-0.00018924252054305482,1.0616549523508116,1.2717530576406006
91.0,1.20247377040209,1.1704303929320656,-0.00029702863232003993,-0.00018908939655614182,1.2027707990344101,1.1706194823286218
91.5,1.0849659186665459,0.87960683153012198,-0.00029647825107764682,-0.00018891398102416463,1.0852623969176236,0.87979574551114614
92.0,0.95607305646730323,0.95979655980962608,-0.00029589812509583252,-0.00018871794220340558,0.95636895459239901,0.95998527775182951
92.5,1.2303265268306853,0.71482763415982309,-0.0002952918861866283,-0.00018850297012669667,1.230621818716872,0.71501613712994982
93.0,1.1987718642005607,1.056852067196,-0.00029466313512486358,-0.00018827076869998532,1.1990665273356855,1.0570403379647
93.5,1.6068076554053041,0.69480264339905295,-0.00029401542797693895,-0.0001880230480081246,1.607101670833281,0.69499066644706109
94.0,1.3260947370191369,1.1213274140209435,-0.00029335226305230583,-0.00018776151685452556,1.3263880892821893,1.1215151755377981
94.5,1.200698191302717,1.4161119676750906,-0.00029267706851713969,-0.00018748787555879809,1.2009908683712343,1.4162994555506494
95.0,1.0305208253829583,1.6396846124993605,-0.00029199319070774744,-0.00018720380903607543,1.030812818573666,1.6398718163083965
95.5,1.0878871362095723,0.95986152489593535,-0.00029130388317828216,-0.00018691098018106821,1.0881784400927506,0.96004843587611643
96.0,0.68483881592042384,0.50645319927435317,-0.00029061229651380617,-0.00018661102357884479,0.68512942821693767,0.50663981029793204
96.5,0.66083333877527539,0.54442902182338893,-0.00028992146893510896,-0.00018630553956315392,0.66112326024421053,0.54461532736295204
97.0,0.68387127845132589,0.29103371634588227,-0.00028923431556217711,-0.00018599609203458301,0.68416051276688805,0.29121971243791683
97.5,0.6571596826979772,0.24695111011852638,-0.00028855362680460148,-0.0001856841937599933,0.65744823632478178,0.24713679431228638
98.0,0.94523108375649645,-0.075928294824736287,-0.00028788206054800383,-0.00018537130278646892,0.94551896581704442,0.07574292352194982
98.5,1.3788174031848546,0.2980960527195764,-0.00028722212524998232,-0.00018505883488118897,1.3791046253101045,0.29828111155445758
99.0,1.7519254765516417,0.17308097714439866,-0.00028657618317254433,-0.00018474814657097865,1.7522120527348142,0.17326572529096965
99.5,1.6093834866505903,0.14437086490478596,-0.00028594644663905438,-0.00018444053062613113,1.6096694330972294,0.14455530543541209
100.0,2.0517908355087622,0.35469830321803592,-0.00028533497391495757,-0.00018413721378975832,2.0520761704826773,0.35488244043182565
100.5,1.9038517646096653,0.57150730832034324,-0.00028474366601671992,-0.00018383935475540763,1.904136508275682,0.57169114767509865
101.0,1.4340479921504556,0.8155503982841531,-0.00028417426449164581,-0.00018354804229363429,1.4343321664149473,0.81573394632644669
101.5,1.707829606620525,1.0408411103329316,-0.00028362835011981055,-0.00018326429355557849,1.7081132349706447,1.0410243746264871
102.0,2.1940791600247334,0.5062684705974887,-0.0002831073424589651,-0.00018298905262324045,2.1943622673671923,0.50645145965011196
102.5,2.1369104197591211,0.4270320927870675,-0.00028261250015399348,-0.000182723189369853,2.1371930322592751,0.42721481597643735
103.0,2.1792810875062498,0.59896899690509953,-0.00028214492194529773,-0.00018246749866940532,2.1795632324281953,0.59915146440376899
103.5,2.3199047017287353,0.56526076160522032,-0.0002817055483239606,-0.00018222269996903529,2.3201864072770593,0.56544298430518936
104.0,2.3529857105867737,0.21133367973116457,-0.0002812951637914197,-0.00018198943721939079,2.3532670057505651,0.21151566916838396
104.5,2.2631462512767109,0.89798756103295641,-0.00028091439968670387,-0.00018176827914705878,2.2634271656763976,0.89816932931210347
105.0,2.3732575780994667,0.80982807221858732,-0.00028056373754585068,-0.00018155971984841533,2.3735381418370127,0.81000963193843578
105.5,2.2140403273782026,0.95272777780245244,-0.00028024351295816261,-0.0001813641796832666,2.2143205708911609,0.95290914198213572
106.0,2.2543031969273288,0.9186905019509275,-0.00027995391988290091,-0.00018118200644744368,2.2545831508472118,0.91887168395737495
106.5,2.1132051292610092,0.58289521133861322,-0.00027969501538891849,-0.00018101347680466798,2.1134848242763979,0.58307622481541788
107.0,2.3633562475268772,0.70656416439736036,-0.00027946672477929346,-0.00018085879795919706,2.3636357142516564,0.70674502319531951
107.5,2.1245912519844747,0.58917858100143816,-0.00027926884706284277,-0.00018071810955141724,2.1248705208315375,0.58935929911098961
108.0,2.6426293877935132,0.51046807476946987,-0.00027910106073472223,-0.00018059148575894841,2.642908488854248,0.51064866625522887
108.5,2.9558965153310486,0.83642175910241612,-0.00027896292982891227,-0.00018047893758596804,2.9561754782608776,0.83660223804000211
109.0,2.8504059109450908,0.59421409674314685,-0.00027885391020624444,-0.00018038041532363557,2.8506847648552971,0.59439447715847049
109.5,2.9778837582810174,0.57397025941314672,-0.00027877335604251921,-0.00018029581116455742,2.9781625316370599,0.57415055522431124
110.0,3.2601558225869276,0.81515150343496812,-0.00027872052648215316,-0.00018022496195437918,3.2604345431134099,0.81533172839692247
110.5,3.3562311239222611,0.72932921794379435,-0.00027869459242388909,-0.00018016765206384981,3.3565098185146849,0.72950938559585821
111.0,3.0329857585232665,0.69575708080885035,-0.00027869464340615676,-0.00018012361636491329,3.0332644531666726,0.69593720442521523
111.5,3.5194160609104803,0.48428457190001761,-0.00027871969456049508,-0.00018009254329481202,3.5196947806050409,0.48446466444331243
112.0,3.2669249968246086,0.65683676265855051,-0.0002787686936028887,-0.00018007407799238922,3.2672037655182113,0.65701683673654288
112.5,3.4550607509574847,1.1362451066756929,-0.00027884052783360742,-0.00018006782549125479,3.4553395914853184,1.1364251745011842
113.0,3.4643560705177716,0.70998278407019266,-0.0002789340311174001,-0.00018007335395487376,3.4646350045488892,0.71016285742414753
113.5,3.5037663517421267,1.0259616497322201,-0.0002790479908169576,-0.000180090197939016,3.5040453997329437,1.0261417399301591
114.0,3.2882603696395769,1.1064624914571142,-0.00027918115465375804,-0.00018011786166740606,3.2885395507942308,1.1066426093187816
114.5,3.3567468035287393,1.255345259824155,-0.00027933223747159239,-0.00018015582230690661,3.357026135766211,1.2555254156464619
115.0,3.2683361904345705,0.78606494832426566,-0.00027949992787909913,-0.00018020353322910435,3.2686156903624495,0.78624515185749477
115.5,3.5485734502654656,0.93095102892596704,-0.00027968289474908343,-0.00018026042724551326,3.5488531331602147,0.93113128935321254
116.0,3.7070117512317156,0.83713111695808684,-0.00027987979355355259,-0.00018032591980421628,3.707291631025269,0.83731144287789105
116.5,3.111645399927415,1.1214303842549671,-0.00028008927251463387,-0.00018039941213629179,3.1119254891999297,1.1216107836671034
117.0,2.7539073643207579,1.3799918721163114,-0.00028030997855301213,-0.00018048029434097383,2.754187674299311,1.3801723524106524
117.5,2.7341894323212466,1.4570563487494164,-0.00028054056301677103,-0.00018056794839903093,2.7344699728842632,1.4572369166978154
118.0,2.7609066039123933,1.3164569266153985,-0.00028077968717502938,-0.00018066175110451537,2.7611873835995682,1.3166375883665029
118.5,3.2540675263323653,1.1422742299705724,-0.00028102602746206358,-0.00018076107690570588,3.2543485523598275,1.1424549910474782
119.0,3.8602588156150599,1.045665959732571,-0.00028127828045921161,-0.00018086530064668254,3.8605400938955192,1.0458468250332178
119.5,3.8638891312569137,1.3849307876620374,-0.00028153516760329915,-0.00018097380020171868,3.864170666424517,1.385111761462239
120.0,3.588252682283926,1.2658606178533112,-0.00028179543961185115,-0.00018108595899538388,3.5885344777235377,1.2660417038123066
120.5,3.9513050159272676,1.1089697941285155,-0.00028205788061682566,-0.00018120116840197555,3.9515870738078842,1.1091509952969174
121.0,3.9106564755805118,0.65899510019210916,-0.00028232131200011561,-0.00018131883001871871,3.9109387968925118,0.65917641902212787
121.5,3.8031497337379663,0.63341295472964454,-0.00028258459592573828,-0.00018143835780775198,3.8034323183338921,0.63359439308745225
122.0,3.9841773550847881,0.7150023280518043,-0.00028284663856496627,-0.0001815591801028367,3.984460201723353,0.71518388723190718
122.5,3.7922319892301104,1.0163319394865562,-0.00028310639301217254,-0.00018168074147742523,3.7925150956231226,1.0165136202280336
123.0,3.6973200572868712,0.65254071326735985,-0.00028336286189076281,-0.00018180250447139272,3.697603420148762,0.65272251577183127
123.5,3.6916361214155313,0.77568430408643041,-0.00028361509964974177,-0.00018192395117455718,3.6919197365151812,0.77586622803760497
124.0,3.4074691530132939,1.1992299077143624,-0.00028386221455294389,-0.00018204458466580936,3.407753015227847,1.1994119522990283
124.5,3.6209418188909273,1.1734743582615819,-0.00028410337036431665,-0.00018216393030730835,3.6212259222612917,1.1736565221918891
125.0,3.6838743133690235,1.1325688332385146,-0.00028433778773367745,-0.00018228153689388556,3.684158651156757,1.1327511147754086
125.5,3.7420307235690689,1.4807392052305282,-0.00028456474528870912,-0.00018239697765849274,3.7423152883143578,1.4809216022081866
126.0,4.284920947413501,1.6234602273705108,-0.00028478358044005641,-0.00018250985113502186,4.2852057309939413,1.6236427372216458
126.5,4.1216757433442819,0.76722763526092341,-0.0002849936899071738,-0.00018261978188050898,4.1219607370341889,0.76741025504280391
127.0,4.3009636450817297,0.35893767938341598,-0.00028519452997371238,-0.00018272642105924346,4.301248839611703,0.35912040580447524
127.5,4.5039134497101125,0.28127490844485858,-0.00028538561648201087,-0.00018282944689170422,4.5041988353265943,0.28145773789175027
128.0,4.4245232855446783,0.40460951014702073,-0.00028556652457702511,-0.00018292856497182037,4.4248088520692557,0.40479243871199255
128.5,4.3454975126616668,0.65433664252922863,-0.00028573688821059218,-0.0001830235084565099,4.3457832495498776,0.65451966603768519
129.0,4.1102298066910494,1.1294336958591562,-0.00028589639941770209,-0.00018311403813169714,4.1105157030904671,1.1296168098972879
129.5,4.0196921221139785,0.91072793440756261,-0.00028604480737670011,-0.00018319994235946601,4.019978166921355,0.9109111343499221
130.0,3.9080642885032955,0.4754092293519504,-0.00028618191726607618,-0.00018328103691128288,3.9083504704205616,0.47559251038886169
130.5,4.1827428432232647,1.0511082452350937,-0.00028630759254990191,-0.00018335715904670532,4.1830291508158144,1.0512916023941403
131.0,3.8101596530771782,0.82291689550745373,-0.00028642173974190708,-0.00018342818852126584,3.81044607481692,0.82310032369597497
131.5,4.0276467579986388,1.0033672576768522,-0.00028652432772021096,-0.00018349401444997464,4.0279332823263587,1.0035507516913023
132.0,4.0951602129729201,1.1582423649215146,-0.00028661536591222814,-0.00018355456584597982,4.0954468283388321,1.1584259194873605
132.5,4.4368262316198264,1.7951404507031601,-0.00028670224526407398,-0.00018361501399710191,4.4371129338650901,1.7953240657171572
133.0,4.1416656715675106,1.7587116078055884,-0.00028676309276484051,-0.00018365964531761512,4.1419524346602756,1.758895267450906
133.5,4.0927861445274205,1.8362714628923089,-0.00028682004166416568,-0.00018370413584359828,4.0930729645690844,1.8364551670281526
134.0,4.1051325862942623,2.0088110208689764,-0.00028686595667182035,-0.00018374327522293591,4.105419452250934,2.0089947641441994
134.5,4.2478709209707155,1.4867854195703403,-0.00028690106829419072,-0.00018377710262383796,4.2481578220390093,1.4869691966729641
135.0,4.1820308218332451,1.5610749872473877,-0.00028692564328301089,-0.00018380567800048238,4.1823177474765281,1.5612587929253883
135.5,4.1478336455467106,1.5135480778844814,-0.00028693998221820678,-0.00018382908091713643,4.1481205855289289,1.5137319069653985
136.0,4.2658240424359217,1.594730860452505,-0.00028694441698267275,-0.00018384740942917926,4.2661109868529046,1.5949147078619341
136.5,4.4313045058378178,1.3454968297785674,-0.0002869393081717416,-0.00018386077897934302,4.4315914451459895,1.3456806905575467
137.0,4.5537247165279622,1.2564846947206976,-0.00028692504247102132,-0.00018386932128107374,4.5540116415704333,1.2566685640419786
137.5,4.6090329109776524,0.86419230407697667,-0.00028690203002626241,-0.00018387318317595805,4.6093198130076791,0.86437617726015259
138.0,4.8714880646671341,0.81235511049839959,-0.00028687070182117165,-0.00018387252546364467,4.871774935368955,0.81253898302386318
138.5,4.3605017415640619,0.46010414666727995,-0.00028683150707416242,-0.0001838675217093146,4.3607885730711358,0.46028801418898924
139.0,4.4065090992874136,0.574306124665388,-0.00028678491066288061,-0.00018385835703666658,4.4067958841980763,0.57448998302242471
139.5,4.6435231854461607,0.96025684394676003,-0.00028673139058422038,-0.00018384522691469523,4.6438099168367453,0.96044068917367476
140.0,4.5420593341762814,0.96933629312952252,-0.00028667143545756964,-0.00018382833594573575,4.5423460056117388,0.96952012146546829
140.5,4.3412223549344189,1.255534557487175,-0.00028660554207935558,-0.00018380789666111146,4.3415089604764985,1.2557183653838362
141.0,4.3142108198761715,1.2232662791005664,-0.00028653421303642299,-0.00018378412832981773,4.314497354089208,1.2234500632288963
141.5,4.8826184916377917,1.6148177089268898,-0.0002864579543858677,-0.00018375725578485775,4.8829049495921772,1.6150014661826746
142.0,4.8983669767894114,1.6713388364523687,-0.00028637727340859528,-0.00018372750827136858,4.8986533540628203,1.6715225639606401
142.5,4.6284130732021431,1.5030728279874941,-0.00028629267644322164,-0.00018369511832037877,4.6286993658785862,1.5032565231058144
143.0,4.1171315772977737,1.7697527468425398,-0.000286204666806371,-0.00018366032065175175,4.1174177819645799,1.7699364071631916
143.5,4.7145063056736101,2.1408315061736602,-0.0002861137428048356,-0.00018362335110971262,4.7147924194164146,2.1410151295247699
144.0,4.6290544315178179,2.0053188832373592,-0.00028602039584450507,-0.0001835844456341415,4.6293404519136621,2.0055024676829931
144.5,5.2183808615780016,2.0495659745742714,-0.00028592510864021404,-0.00018354383927054202,5.2186667866866419,2.0497495184135417
145.0,5.475487621056593,2.0995386858390579,-0.00028582835355373947,-0.00018350176518504104,5.4757734494101467,2.0997221876042431
145.5,5.1684562424670792,1.959659828436954,-0.00028573059119432103,-0.00018345845348619738,5.1687419730582738,1.9598432868904401
146.0,4.843096250099749,1.831266527887693,-0.00028563226819227787,-0.00018341413154593307,4.8433818823679413,1.8314499420192389
146.5,4.3971304895733931,1.3994410791820575,-0.00028553381672234896,-0.00018336902180343266,4.3974160233901154,1.3996244482038609
147.0,4.7465612162093773,1.4093819214978733,-0.00028543565297407667,-0.00018332334146323808,4.7468466518623513,1.4095652448393365
147.5,4.9221161218799434,1.5035402512478966,-0.00028533817599528686,-0.00018327730183548906,4.9224014600559389,1.5037235285497321
148.0,4.5358519616444806,1.5418882040742914,-0.00028524176666835292,-0.00018323110769273476,4.5361372034111493,1.5420714351819842
148.5,5.0319816509608062,1.5271544098204883,-0.00028514678680958044,-0.00018318495666623007,5.0322667977476154,1.5273375947771546
149.0,4.6028358638516904,1.4536894884469476,-0.00028505357838695818,-0.00018313903868934093,4.6031209174300773,1.4538726274856368
149.5,4.7791053183366801,1.5046671162363277,-0.0002849624628523143,-0.00018309353549272886,4.7793902807995323,1.5048502097718204
150.0,4.4688199174558445,1.5153358081977986,-0.0002848737405847495,-0.0001830486201536821,4.469104791196429,1.5155188568179523
150.5,4.4126899264847266,1.5440699788454406,-0.00028478769044284227,-0.00018300445670016907,4.4129747141751698,1.5442529833021408
151.0,4.7822446185589831,1.8057941440014,-0.00028470456942334278,-0.00018296119976917078,4.7825293231284061,1.8059771052011693
151.5,5.1411970781788856,1.7898306482441027,-0.00028462461242399122,-0.00018291899431823578,5.1414817027913093,1.790013567238421
152.0,5.08765580470555,1.5901296751612803,-0.00028454803163184376,-0.00018287797613053501,5.0879403527371823,1.5903125531374109
152.5,4.4372497689586421,1.2591110823186058,-0.00028447501750848665,-0.00018283827003879243,4.4375342439761507,1.2592939205886446
153.0,4.4943364207887431,1.0525309547591266,-0.0002844057396308596,-0.00018279998856501165,4.494620826528374,1.0527137547476917
153.5,4.4124631981177709,1.0309747922795056,-0.0002843403434890477,-0.00018276323704355851,4.41274753846126,1.0311575555165491
154.0,4.5510052286393563,1.0800503372545074,-0.00028427895299230151,-0.00018272811004909316,4.5512895075923483,1.0802330653645564
154.5,5.0749312678970648,0.83064300337017105,-0.00028422167074393406,-0.00018269469146714511,5.0752154895678085,0.8308256980616382
155.0,4.9513208281194316,0.88088200600427335,-0.00028416857732010574,-0.0001826630562790663,4.9516049966967515,0.88106466906055247
155.5,4.3318193953528761,0.74679921646028236,-0.00028411973517891221,-0.00018263326529207848,4.3321035150880549,0.74698184972557446
156.0,4.0542410022995305,0.51138603428356033,-0.00028407518574760817,-0.00018260537063559943,4.0545250774852786,0.51156863965419597
156.5,4.3868579019897505,0.40600777518399045,-0.00028403494857457166,-0.0001825794181769013,4.3871419369383249,0.40619035460216735
157.0,4.1289410429277504,0.56784553619320166,-0.00028399902798228999,-0.000182555438386774,4.129225041955733,0.56802809163158841
157.5,4.1120000028151837,0.30185576767868383,-0.00028396740800453048,-0.00018253345558931765,4.1122839702231886,0.30203830113427316
158.0,4.5860878520898032,0.42237598265293402,-0.00028394005457440911,-0.0001825134859963336,4.5863717921443774,0.42255849613893037
158.5,4.2355947807498602,0.94851631926740643,-0.00028391691789720323,-0.00018249553554546677,4.2358786976677578,0.94869881480295193
159.0,4.4653492237281647,0.72346150158586442,-0.00028389793422495474,-0.00018247959876989967,4.4656331216623899,0.72364398118463436
159.5,4.3506955498232287,0.87671778955727331,-0.00028388302276767611,-0.00018246566531998835,4.3509794328459961,0.87690025522259329
160.0,4.0100782549852978,0.78852716428933112,-0.00028387208905736224,-0.00018245371649873752,4.0103621270743552,0.78870961800582984
160.5,3.6874245062944744,0.89395249386752862,-0.00028386502581232819,-0.00018244372574652295,3.6877083713202867,0.89413493759327511
161.0,3.8841276820560702,0.68518429752160914,-0.00028386171379634218,-0.00018243565918003233,3.8844115437698665,0.68536673318078922
161.5,3.6168743548551818,1.0497564154757568,-0.00028386202271071174,-0.00018242947611626795,3.6171582168778924,1.0499388449518732
162.0,3.7840213721637102,0.81798054529966369,-0.00028386581212331419,-0.00018242512956600867,3.7843052379758335,0.8181629704292297
162.5,3.9413594892317736,0.3680188609756711,-0.00028387293242601374,-0.00018242256670103463,3.9416433621641995,0.36820128354237214
163.0,3.8220438279778297,0.56121006897903669,-0.00028388322542884803,-0.00018242172989593855,3.8223277112032585,0.5613924907089326
163.5,3.9629221533548087,0.51822745437770612,-0.00028389652607808063,-0.00018242255601892248,3.963206049880887,0.51840987693372509
164.0,4.1936338445074792,0.9310424275238367,-0.00028391266422810903,-0.00018242497563440021,4.1939177571717074,0.93122485249947107
164.5,4.0993546419923499,0.43673994971467606,-0.00028393146287173526,-0.00018242891770803052,4.0996385734552216,0.43692237863238409
165.0,3.6199102790212772,-0.016865915219274497,-0.0002839527408135679,-0.00018243430735950924,3.6201942317620905,0.016683480911914988
165.5,3.804775561010616,0.5599167086357042,-0.00028397631357962426,-0.00018244106633611898,3.8050595373241958,0.56009914970204033
166.0,3.9865752436920547,0.29449990483985378,-0.00028400199427146478,-0.00018244911353710851,3.9868592456863263,0.29468235395339087
166.5,3.9924637750135439,0.66456491402552131,-0.00028402959404203576,-0.00018245836608312969,3.9927478046075859,0.66474737239160442
167.0,4.1231583797233196,0.34964697577154868,-0.00028405892397223532,-0.00018246873815322529,4.1234424386472917,0.34982944450970194
167.5,4.1509870092499908,0.57582291742144198,-0.00028408979498211747,-0.00018248014283373578,4.1512710990449726,0.57600539756427571
168.0,3.7409406769725222,0.64461548059172724,-0.00028412201855172324,-0.00018249249264303723,3.7412247989910741,0.64479797308437026
168.5,4.387722046606938,0.3361302348516414,-0.00028415540810401116,-0.00018250569895760958,4.3880062020150419,0.33631274055059901
169.0,4.1544403381567925,-0.0011293435141281893,-0.00028418977886416729,-0.00018251967374865392,4.1547245279356568,0.00094682384037953545
169.5,3.8949717671632955,0.24800455824249473,-0.00028422495007403363,-0.0001825343275688705,3.8952559921133694,0.24818709257006361
170.0,3.7129551632547928,0.2776976331326807,-0.00028426074289427267,-0.00018254957418412291,3.7132394239976869,0.27788018270686482
170.5,3.3560448574925643,0.2737663517199781,-0.00028429698234387396,-0.00018256532884324876,3.3563291544749081,0.27394891704882135
171.0,3.7587888421945808,0.22150104761955958,-0.0002843335015466741,-0.00018258150287277507,3.7590731756961273,0.22168362912243236
171.5,3.4499015711019778,-0.046951969857518178,-0.00028437013593514865,-0.00018259801382312411,3.4501859412379128,0.046769371843695055
172.0,3.4322321933372351,0.2221298874817822,-0.00028440672715918916,-0.00018261478042417916,3.4325166000643943,0.22231250226220636
172.5,3.5715991367254234,0.13430686522424848,-0.00028444312372340002,-0.0001826317225492549,3.5718835798491466,0.13448949694679774
173.0,3.5280685127461289,0.3615926910860765,-0.00028447918139715481,-0.00018264876144262165,3.5283529919275258,0.36177533984751914
173.5,3.4632836553795339,0.26348238967734972,-0.0002845147625982121,-0.00018266582146350436,3.4635681701421319,0.26366505549881319
174.0,3.052550813495654,0.026294422330040673,-0.00028454973675560264,-0.00018268283021210225,3.0528353632324094,0.026477105160252777
174.5,3.0355975225712362,0.054271524745679312,-0.00028458398097479161,-0.00018269971810213671,3.035882106552211,0.054454224463781446
175.0,3.078796845443891,0.22787847151139426,-0.00028461737955301394,-0.00018271641964021432,3.079081462823444,0.22806118793103447
175.5,2.8930491812907779,0.12624732139077105,-0.00028464982534228057,-0.0001827328717459855,2.8933338311161201,0.12643005426251702
176.0,2.7150502335808055,-0.16481486134177109,-0.00028468121829337649,-0.0001827490163778321,2.7153349147990991,0.16463211232539327
176.5,3.1681462397752966,-0.51937855256823529,-0.00028471146777412471,-0.00018276479720353404,3.1684309512430708,0.5191957877710317
177.0,3.2730081775421973,-0.39471119278369327,-0.00028474049130031593,-0.00018278016176801913,3.2732929180334978,0.39452841262192523
177.5,3.5211687179807805,-0.33806432146227366,-0.00028476821456148991,-0.00018279506157163034,3.5214534861953419,0.33788152640070201
178.0,3.9357918646612884,-0.45936695563260194,-0.00028479457146731758,-0.00018280945204485939,3.9360766592327558,0.45918414618055708
178.5,3.5805108837425408,-0.75233508418023931,-0.00028481950415019122,-0.00018282329251927763,3.5807957032466908,0.75215226088772003
179.0,3.4231107756273742,-0.54796413256859622,-0.00028484296291844718,-0.00018283654620602477,3.4233956185902925,0.54778129602239023
179.5,3.0725024762295265,-0.87526805786626694,-0.00028486490692356052,-0.00018284917899811221,3.0727873411364501,0.8750852086872688
180.0,3.1953190677635277,-0.62059938339431442,-0.00028488530120083101,-0.00018286116385669144,3.1956039530647287,0.62041652223045773
180.5,2.886142645470307,-1.0106391059444819,-0.00028490412001726684,-0.00018287247530655683,2.8864275495903242,1.0104562334691753
181.0,2.8292645187745209,-1.1737454363022701,-0.00028492134603457685,-0.00018288309040428863,2.8295494401205556,1.1735625532118659
181.5,2.6105162125885895,-1.090081338407439,-0.00028493696820564734,-0.00018289299162952801,2.6108011495567953,1.0898984454158096
182.0,2.7292483435939028,-1.1865861462532996,-0.00028495098143353922,-0.00018290216697777314,2.7295332945753361,1.1864032440863219
182.5,3.1677961251499949,-1.2279735149410658,-0.0002849633898071829,-0.00018291060442835044,3.1680810885398021,1.2277906043366373
183.0,3.8904049021061717,-0.72708641315243561,-0.00028497420265802687,-0.00018291829756222962,3.8906898763088296,0.72690349485487338
183.5,4.0773157459196545,-0.74101534261518676,-0.00028498343619951145,-0.00018292524244987527,4.0776007293558543,0.74083241737273686
184.0,4.1306477727944673,-0.19809451521062477,-0.00028499111265227006,-0.00018293143841712978,4.1309327639071194,0.19791158377220763
184.5,4.182843842146645,0.23776360546014061,-0.00028499725974694172,-0.00018293688819226984,4.1831288394063915,0.23794654234833287
185.0,3.9836649161001776,0.41813126565858982,-0.00028500191046996641,-0.00018294159764902223,3.9839499180106475,0.41831420725623886
185.5,3.5060788955673763,0.97761366737244237,-0.00028500510277661855,-0.0001829455755785562,3.506363900670153,0.97779661294802089
186.0,3.6070429728189017,0.7848445911543942,-0.00028500687927091349,-0.00018294883349447152,3.6073279796981725,0.78502753998788866
186.5,3.6675591942135828,0.45693019113081673,-0.00028500728686051699,-0.00018295138546174457,3.6678442015004431,0.45711314251627849
187.0,3.957846558932721,1.0237897774806652,-0.0002850063763962497,-0.00018295324793820452,3.9581315653091171,1.0239727307286035
187.5,3.9759750206640558,0.88165261446111465,-0.00028500420230427809,-0.00018295443961939721,3.97626002486636,0.881835568900734
188.0,3.9209812723165309,0.87337744528410077,-0.00028500082221644265,-0.00018295498128149487,3.9212662731387473,0.87356040026538229
188.5,4.2042894917596501,1.1029821563592446,-0.00028499629695540995,-0.00018295489507086658,4.2045744880566058,1.1031651112543155
189.0,4.3250501968593555,0.7633346765274458,-0.00028499068885791591,-0.00018295420638277736,4.3253351875482133,0.76351763073382861
189.5,4.3567149616703746,0.93646308520535126,-0.00028498406306079829,-0.0001829529411284732,4.3569999457334356,0.93664603814647973
190.0,4.2451377391196088,0.87525974448016419,-0.000284976486504105,-0.00018295112656866561,4.2454227156061126,0.87544269560673282
190.5,4.4330314952075636,0.42392887525180806,-0.00028496802748350291,-0.00018294879130159635,4.4333164632350472,0.42411182404310965
191.0,4.2623450441647304,0.3052842693075154,-0.00028495875532646297,-0.00018294596506983316,4.2626300029200568,0.30546721527258525
191.5,4.2979834619365072,0.4818381492103353,-0.00028494874007952114,-0.00018294267856521336,4.2982684106765863,0.48202109188890052
192.0,4.270671672664923,0.45840520015416297,-0.00028493805222321191,-0.00018293896320821832,4.2709566107171462,0.45858813911737117
192.5,4.400561074271228,0.40088678349750129,-0.00028492676246470662,-0.00018293485082687173,4.4008460010336927,0.40106971834832816
193.0,4.592066073080769,-0.00023866368351857514,-0.00028491494088009323,-0.00018293037436845769,4.5923509880216491,5.5733309150117456e-05
193.5,4.6054605011998007,0.065171734162163986,-0.000284902657446009,-0.00018292556646934372,4.605745403857247,0.06535465972863333
194.0,4.7282897386706066,0.024442756518867514,-0.00028488998137421657,-0.00018292045991836383,4.7285746286519812,0.024625676978785878
194.5,4.5157315307237473,-0.15754636378823242,-0.00028487698084204657,-0.00018291508752884734,4.5160164077045897,0.15736344870070357
195.0,3.9146064801227807,-0.27712907284412236,-0.00028486372275173558,-0.00018290948199235887,3.9148913438455324,0.27694616336213002
195.5,3.7972054670864543,-0.16537493157871913,-0.00028485027250588896,-0.00018290367573612989,3.7974903173589603,0.16519202790298301
196.0,3.5445812996144017,0.23814916408773007,-0.00028483669379665024,-0.0001828977007890548,3.5448661363081984,0.23833206178851912
196.5,3.6683519877773105,-0.11027667280125975,-0.00028482304840807401,-0.00018289158865763674,3.6686368108257188,0.1100937812126021
197.0,3.0807005444896656,-0.12101547273445604,-0.00028480939603238968,-0.00018288537021162588,3.0809853538856982,0.12083258736424442
197.5,3.0354501950464927,0.040184908630320565,-0.0002847957941008863,-0.00018287907557858321,3.0357349908405937,0.040367787705899147
198.0,2.4291163453449793,-0.33114209463899197,-0.00028478229763006661,-0.00018287273404654883,2.4294011276426093,0.33095922190494542
198.5,2.3831922676590622,-0.22714840098039771,-0.00028476895908369367,-0.0001828663739742499,2.3834770366181459,0.22696553460642346
199.0,2.3284975435657942,-0.19693965294762539,-0.00028475582825083861,-0.00018286002270861203,2.328782299394045,0.19675679292491677
199.5,2.4133786272293016,0.10307060554971328,-0.00028474295213989914,-0.00018285370650951275,2.4136633701814416,0.1032534592562228
200.0,2.3949495988774312,-0.040045713991390355,-0.00028473037488843705,-0.00018284745048177485,2.3952343292523195,0.039862866540908579
200.5,2.4913922272698312,-0.4011848687424408,-0.00028471813768856221,-0.00018284127851448848,2.4916769454075198,0.40100202746392632
201.0,2.6149791454899125,-0.34337942112175346,-0.00028470627872755126,-0.00018283521322767798,2.6152638517686402,0.34319658590852575
201.5,2.6421453268268671,-0.75872688042655767,-0.00028469483314337281,-0.00018282927592629789,2.6424300216600103,0.75854405115063139
202.0,2.6900288138625057,-0.42767025439820122,-0.00028468383299468379,-0.00018282348656148821,2.6903134976955005,0.42748743091163971
202.5,2.5540643653161426,-0.58401700647600419,-0.00028467330724484154,-0.00018281786369900112,2.5543490386233874,0.58383418861230518
203.0,2.6502326368263187,-0.4644399573225777,-0.00028466328175947333,-0.0001828124244946441,2.6505173001080782,0.46425714489808306
203.5,2.1285593621928789,-1.0638703462537507,-0.0002846537793171373,-0.00018280718467657259,2.128844015972196,1.0636875390690741
204.0,2.0750194080179418,-0.88262537839193966,-0.00028464481963244933,-0.00018280215853426393,2.0753040528375744,0.88244257623340538
204.5,1.7229732804320914,-0.8516239666040164,-0.00028463641939114421,-0.00018279735891393764,1.7232579168514826,0.85144116924510249
205.0,1.3888817512814895,-0.85882293221574535,-0.00028462859229649547,-0.00018279279722018094,1.3891663798737859,0.85864013941852513
205.5,1.0241956138359825,-0.99858396867834942,-0.00028462134912646156,-0.00018278848342354376,1.024480235185109,0.99840118019492585
206.0,0.77452953690597015,-0.71332005308695479,-0.00028461469779623321,-0.00018278442608099532,0.77481415160376643,0.71313726866087379
206.5,-0.14707076120776932,0.051363256908990629,-0.0002846086432548443,-0.00018278063263507866,0.14678615256451447,0.051546037541625706
207.0,-0.38285529543480978,-0.28644826625322539,-0.00028460318830899901,-0.00018277710828750512,0.38257069224650081,0.28626548914493788
207.5,0.016327966725994569,0.16555415141787258,-0.00028459833271399221,-0.00018277385758864835,0.016612565058708562,0.16573692527546122
208.0,0.58996781752002136,0.14963457221818457,-0.0002845940737374493,-0.00018277088374965507,0.59025241159375885,0.14981734310193423
208.5,0.73925339360965614,0.27363969598524618,-0.00028459040628662688,-0.00018276818864883311,0.73953798401594273,0.273822464173895
209.0,1.0292569892906986,0.42767356716030702,-0.00028458732301041523,-0.00018276577289034544,1.029541576613709,0.42785633293319736
209.5,1.3263651823810325,0.53422384781187915,-0.00028458481440646278,-0.00018276363586674471,1.3266497671954389,0.53440661144774593
210.0,1.3198179395021552,0.87194981979550668,-0.00028458286893584929,-0.00018276177581996486,1.3201025223710912,0.87213258157132667
210.5,1.3273431945833154,0.87141926976558082,-0.00028458147314512671,-0.00018276018989969787,1.3276277760564605,0.87160202995548053
211.0,0.55991887118952799,0.56559383190536716,-0.00028458061179427295,-0.00018275887422012477,0.56020345180132225,0.56577659077958731
211.5,0.65290354130945305,0.37567713144878906,-0.00028458026798886839,-0.00018275782391631389,0.65318812157744188,0.37585988927270536
212.0,0.82853600644726244,0.88685362193150807,-0.00028458042331474251,-0.00018275703320143766,0.82882058687057714,0.88703637896470955
212.5,0.79737375414328171,0.96659125587664052,-0.00028458105797404403,-0.00018275649542541715,0.79765833520125573,0.96677401237206595
213.0,0.45468136215051613,0.77454759080108904,-0.00028458215092173395,-0.00018275620313507575,0.45496594430143789,0.77473034700422416
213.5,1.1060372854177238,0.56026400522476749,-0.00028458368000186242,-0.00018275614813564333,1.1063218690977257,0.56044676137290317
214.0,1.2013550142680915,0.65319645946360838,-0.00028458562208316071,-0.00018275632155325647,1.2016395998901748,0.65337921578516167
214.5,1.4034850246380044,0.98637485348704712,-0.00028458795319331512,-0.00018275671389815788,1.4037696125911978,0.98655761020094523
215.0,1.5205886114595497,1.0908466208631242,-0.00028459064858213899,-0.00018275731523611862,1.5208732021081319,1.0910293781783604
215.5,1.8890722075910809,1.6603620115703588,-0.00028459368306148355,-0.00018275811492529098,1.8893568012741424,1.660544769685284
216.0,1.7444527892259893,1.6832342701975784,-0.00028459703099421066,-0.00018275910189624072,1.7447373862569835,1.6834170292994746
216.5,1.9905462274876835,1.3684501926176147,-0.00028460066630247194,-0.00018276026489596559,1.9908308281539859,1.3686329528825107
217.0,1.823440369763152,1.4056083856827777,-0.00028460456272229583,-0.0001827615923411617,1.8237249743258743,1.4057911472751188
217.5,2.0185843622418242,1.3963187260243504,-0.00028460869391824106,-0.0001827630723831529,2.0188689709357424,1.3965014890967336
218.0,2.3642652744461077,1.5555575119396907,-0.00028461303359150639,-0.00018276469297534505,2.3645498874796993,1.555740276632666
218.5,3.0267841438882548,1.2053784072434217,-0.00028461755558416155,-0.00018276644193825379,3.027068761443839,1.20556117368536
219.0,-0.32678598249303725,1.2502458864117718,-0.00028462223398018375,-0.00018276830702038512,0.32650136025905707,1.2504286547187922
219.5,-0.42972265868632809,1.1458724520929771,-0.00028462704320300283,-0.00018277027595483506,0.42943803164312511,1.146055222368932
220.0,-1.0025303301777844,0.63481151504879441,-0.00028463195810896216,-0.00018277233651212428,1.0022456982196755,0.6349942873853065
220.5,-0.9353843625650371,0.61862705088338754,-0.00028463695407597198,-0.00018277447654991845,0.93509972561096111,0.61880982535993745
221.0,-0.96652713039110161,0.79359210280733761,-0.00028464200708682867,-0.00018277668406010736,0.96624248838401483,0.79377487949139769
221.5,-1.2715313680055886,0.59230188335510769,-0.000284647093819264,-0.00018277894719405789,1.2712467209117693,0.59248466230230179
222.0,-1.488235440584234,1.0868667569232369,-0.0002846521918948148,-0.00018278125402900974,1.4879507883923391,1.0870495381772658
222.5,-1.4860864238297946,1.0814091261931564,-0.00028465727913716099,-0.0001827835938653945,1.4858017665506575,1.0815919097870219
223.0,-1.3326292906396509,1.0321374776162644,-0.00028466233476909529,-0.00018278595549301208,1.3323446283048817,1.0323202635717574
223.5,-1.3414614232441404,0.89906701036293279,-0.0002846673389199803,-0.00018278832807640258,1.3411767559052203,0.89924979869100918
224.0,-1.4197837789088874,1.2512446495925946,-0.00028467227266023627,-0.00018279070120745349,1.4194991066362272,1.2514274402938022
224.5,-1.3734057738213035,1.1969938006708349,-0.00028467711805596339,-0.00018279306491465443,1.3731210967032474,1.1971765937357497
225.0,-1.3359554988612645,1.1255568669843703,-0.00028468185821762344,-0.00018279540966962182,1.3356708170030469,1.1257396623940399
225.5,-1.1340974249561064,0.83219130063809033,-0.00028468647733933958,-0.00018279772639647512,1.1338127384787671,0.83237409836448684
226.0,-1.6646681335458089,1.212737864904774,-0.00028469096072843077,-0.00018280000648477344,1.6643834425850805,1.2129206649112587
226.5,-1.575779973698648,1.392174043266329,-0.00028469529482618675,-0.00018280224180455904,1.5754952784038219,1.3923568455081337
227.0,-1.4685317164553497,1.435802597103061,-0.00028469946722130144,-0.00018280442472155882,1.4682470169881285,1.4359854015277826
227.5,-1.5481150084997806,1.4492652867020079,-0.00028470346665726017,-0.00018280654811098871,1.5478303050331232,1.449448093250119
228.0,-1.5912935952593092,1.2862819604590428,-0.00028470728303443653,-0.00018280860536894639,1.5910088879762747,1.2864647690644118
228.5,-1.5188133493584142,1.2520456473278267,-0.00028471090740734542,-0.00018281059042100226,1.5185286384510068,1.2522284579182477
229.0,-1.6588326017453803,1.5176035298446069,-0.00028471433197740676,-0.00018281249772789701,1.658547887413403,1.5177863423423348
229.5,-1.3969379038039942,1.2402036329936963,-0.00028471755008139529,-0.0001828143222884703,1.3966531862539129,1.2403864473159847
230.0,-1.4744831561999128,0.8446496734849176,-0.00028472055617573901,-0.00018281605964002353,1.474198435643737,0.84483248954455759
230.5,-1.7087535288791549,0.64690787117674009,-0.00028472334581670819,-0.0001828177058562994,1.7084688055333381,0.64709068888259635
231.0,-2.2089501174639574,0.6136119986739248,-0.00028472591563686136,-0.0001828192575432653,2.2086653915483208,0.61379481793146806
231.5,-2.2909845907976205,0.51428627392704718,-0.00028472826331963036,-0.00018282071183017365,2.2906998625343009,0.51446909463887736
232.0,-2.3411838308370605,1.3284521109528014,-0.00028473038763579843,-0.0001828220662568781,2.3408991004494246,1.3286349330190583
232.5,-2.1861152229427572,1.6079571228898708,-0.00028473228813496543,-0.00018282331919196979,2.1858304906546224,1.6081399462090629
233.0,-2.3172508878552858,2.1497463011618034,-0.0002847339654818516,-0.00018282446924050024,2.3169661538898039,2.149929125631044
233.5,-2.0712413231961913,2.2095519744371255,-0.0002847354212451574,-0.00018282551549853081,2.0709565877749463,2.2097347999526242
234.0,-2.1013285867596316,2.1258511421789876,-0.00028473665784872038,-0.00018282645754989058,2.101043850101783,2.1260339686365377
234.5,-2.0447805570082469,1.9348455574236563,-0.00028473767853221319,-0.00018282729544350323,2.0444958193297147,1.9350283847190999
235.0,-2.0497523436297755,1.9911803816084337,-0.00028473848734492931,-0.00018282802961515658,2.0494676051424308,1.9913632096380489
235.5,-1.7182092041990344,2.1819820623089168,-0.00028473908900832415,-0.0001828286610101497,1.7179244651100261,2.1821648909699269
236.0,-1.9773775889134713,2.1558221916740421,-0.00028473948889278736,-0.00018282919102493762,1.9770928494245785,2.156005020865067
236.5,-1.3997632757375613,1.5315801518266896,-0.00028473969309534051,-0.0001828296212891306,1.3994785360444659,1.5317629814479787
237.0,-1.5219048429441659,1.4624509799443002,-0.00028473970828759405,-0.0001828299538034454,1.5216201032358783,1.4626338098981035
237.5,-1.8868246727276525,1.490051550311734,-0.00028473954166731652,-0.00018283019091473089,1.8865399331859851,1.4902343805026488
238.0,-1.4166321880716533,1.5680455292893916,-0.00028473920091124966,-0.00018283033528794469,1.4163474488707419,1.5682283596246795
238.5,-0.86326523656876741,1.702456014931212,-0.00028473869412751841,-0.00018283038987825886,0.86298049787463993,1.7026388453210903
239.0,-0.9737093057503019,1.9198627577161176,-0.00028473802980710219,-0.00018283035790447793,0.97342456772049479,1.9200455880740221
239.5,-1.1851638130013193,1.3522176565969943,-0.00028473721677465164,-0.00018283024282382738,1.1848790757845447,1.3524004868398181
240.0,-1.2623826019503701,1.528476084692588,-0.0002847362641703624,-0.00018283004825912411,1.2620978656861996,1.5286589147408471
240.5,-1.2863009614366931,1.6635990720951201,-0.00028473518129837219,-0.00018282977813504652,1.2860162262553947,1.6637819018732551
241.0,-1.4785428929127473,1.5335616053063157,-0.00028473397767247289,-0.00018282943650822916,1.478258158935075,1.533744434742824
241.5,-1.531785725244337,1.0221397225065376,-0.00028473266301070081,-0.00018282902747911525,1.5315009925813263,1.0223225515340166
242.0,-2.0818294264160766,1.3753879981141404,-0.0002847312470385825,-0.00018282855540428098,2.081544695169038,1.3755708266695446
