time;x;y;yaw;x_gt;y_gt;yaw_gt;error_x;error_y;error_yaw;RMS
0.5;-249.879967266;299.7476058952;-0.999928482;-249.9999999889;299.9999999839;-1.0000000438;0.1200327229;0.2523940887;7.15618032595122E-05;0.2794828004
1;-249.9083051284;299.6823476455;-1.0000993493;-249.9999999909;300.0000000367;-1.000000652;0.0916948626;0.3176523912;9.8697293888339E-05;0.3306221396
1.5;-249.9382562782;299.7075839729;-0.999723251;-250.0000001391;300.0000003327;-1.00000049;0.061743861;0.2924163597;0.000277239;0.2988640304
2;-249.8900997393;299.6915114608;-1.0000551595;-250.0000004917;300.0000008249;-0.9999995083;0.1099007524;0.308489364;5.565114592887E-05;0.3274810929
2.5;-249.8514878382;299.6266615647;-1.000105883;-250.0000010391;300.000001367;-0.9999987672;0.148513201;0.3733398023;0.0001071158;0.4017944628
3;-249.8825212864;299.5556480127;-0.9998940143;-250.0000017429;300.0000017719;-0.9999984717;0.1174804565;0.4443537593;0.0001044574;0.4596215095
3.5;-249.8892346446;299.5810284038;-1.0000706535;-250.000002577;300.0000018758;-0.9999992188;0.1107679324;0.418973472;7.14346595310777E-05;0.4333685616
4;-249.8884073438;299.5755864724;-1.0000584779;-250.0000035361;300.0000015516;-1.0000010183;0.1115961924;0.4244150791;5.74596413387418E-05;0.4388415122
4.5;-249.8800914296;299.4793882228;-1.000337979;-250.0000046355;300.000000711;-1.0000030237;0.1199132059;0.5206124882;0.0003349553;0.5342440004
5;-249.8602091714;299.558080215;-1.00007782;-250.0000059088;299.9999993029;-1.0000053339;0.1397967374;0.4419190879;7.24861631846707E-05;0.4635036281
5.5;-249.8901332942;299.5597119014;-1.0000062857;-250.0000073981;299.9999972992;-1.0000078972;0.1098741039;0.4402853978;1.61152568356471E-06;0.4537880014
6;-249.876771435;299.5172305259;-1.0000124588;-250.0000091481;299.9999946871;-1.0000106679;0.1232377132;0.4827641612;0.000001791;0.4982456917
6.5;-249.9536060268;299.541799066;-0.9999393153;-250.0000112025;299.9999914633;-1.0000136082;0.0464051757;0.4581923973;7.42928387923447E-05;0.4605363382
7;-250.0010130367;299.5248092011;-0.9998947326;-250.0000136015;299.9999876316;-1.000016686;0.0009994352;0.4751784305;0.0001219534;0.4751794972
7.5;-250.0711036923;299.4488785875;-1.0000165229;-250.0000163811;299.9999832013;-1.0000198719;0.0710873111;0.5511046138;3.34905177012956E-06;0.5556704969
8;-250.0810666541;299.404327904;-0.9999735505;-250.0000195731;299.9999781869;-1.0000231382;0.081047081;0.5956502828;4.95876642671034E-05;0.6011388286
8.5;-250.1650617943;299.3623788671;-1.000076595;-250.0000232042;299.9999726078;-1.0000264577;0.1650385901;0.6375937407;5.01372903647379E-05;0.6586072554
9;-250.2129696319;299.3675593232;-1.000089719;-250.0000272971;299.999966488;-1.000029804;0.2129423348;0.6324071648;0.000059915;0.6672954845
9.5;-250.2891542894;299.2797450785;-1.0001379952;-250.0000318698;299.9999598561;-1.0000331513;0.2891224196;0.7202147776;0.0001048439;0.7760806082
10;-250.346264286;299.2688349498;-1.0000637777;-250.0000369358;299.9999527444;-1.0000364747;0.3462273503;0.7311177946;0.000027303;0.8089540212
10.5;-250.3124897973;299.320367203;-0.99994637;-250.0000425043;299.9999451887;-1.0000397501;0.312447293;0.6795779858;0.00009338;0.7479636076
11;-250.3804440588;299.2596071701;-1.0000105689;-250.00004858;299.9999372276;-1.0000429546;0.3803954789;0.7403300575;3.23856544819367E-05;0.8323396635
11.5;-250.453102681;299.3456570421;-1.000035541;-250.0000551631;299.9999289018;-1.0000460664;0.4530475179;0.6542718598;1.05253508237979E-05;0.7958163859
12;-250.459771554;299.3638110525;-0.9999645347;-250.0000622497;299.9999202538;-1.0000490648;0.4597093043;0.6361092014;0.00008453;0.7848360132
12.5;-250.4690331825;299.3369915956;-1.0000132881;-250.0000698316;299.9999113273;-1.0000519303;0.468963351;0.6629197317;3.86421357996269E-05;0.81202783
13;-250.4518991515;299.3551684186;-1.0000581041;-250.0000778964;299.9999021666;-1.0000546445;0.4518212551;0.644733748;3.4596386400132E-06;0.7872890527
13.5;-250.4984837804;299.2281374751;-1.0001361522;-250.0000864281;299.9998928162;-1.0000571901;0.4983973523;0.7717553411;0.000078962;0.9186981189
14;-250.4913629834;299.2682592611;-1.0000342;-250.0000954069;299.9998833208;-1.0000595511;0.4912675765;0.7316240597;2.53511541425944E-05;0.8812590976
14.5;-250.411178363;299.2663950992;-0.9999510613;-250.0001048098;299.9998737244;-1.0000617124;0.4110735532;0.7334786252;0.000110651;0.8408164913
15;-250.3449660584;299.2535860086;-1.0000226164;-250.0001146105;299.9998640702;-1.0000636599;0.3448514479;0.7462780616;4.10435248219265E-05;0.8221030763
15.5;-250.2638437185;299.3347296758;-1.000115465;-250.0001247799;299.9998544006;-1.000065381;0.2637189386;0.6651247248;0.000050084;0.7154988334
16;-250.3340579478;299.2800595104;-1.00015431;-250.0001352863;299.9998447565;-1.0000668638;0.3339226614;0.7197852462;8.74461781923408E-05;0.7934703221
16.5;-250.3083457735;299.2210899773;-1.00002998;-250.0001460958;299.9998351773;-1.0000680978;0.3081996777;0.7787452;3.81177798394194E-05;0.8375148532
17;-250.3200523054;299.2335980594;-1.0000675977;-250.0001571723;299.9998257007;-1.0000690734;0.3198951332;0.7662276412;1.47565186980891E-06;0.8303238491
17.5;-250.3944035373;299.2483997422;-1.0000630627;-250.000168478;299.9998163624;-1.0000697821;0.3942350594;0.7514166202;6.71943051466783E-06;0.8485565503
18;-250.3178940257;299.1941782664;-0.9999718464;-250.0001799738;299.9998071962;-1.0000702169;0.3177140519;0.8056289298;9.83704586049461E-05;0.8660139728
18.5;-250.3342844379;299.1826159788;-1.0002492402;-250.0001916194;299.9997982338;-1.0000703714;0.3340928185;0.8171822551;0.0001788688;0.8828391028
19;-250.377303933;299.119555887;-1.0001169467;-250.0002033737;299.9997895046;-1.0000702406;0.3771005594;0.8802336176;4.67060885187554E-05;0.9576095528
19.5;-250.417065862;299.1115225359;-0.9999342233;-250.0002151948;299.9997810355;-1.0000698207;0.4168506672;0.8882584996;0.0001355974;0.9812072459
20;-250.4406082279;299.1262181147;-1.0000771932;-250.0002270407;299.9997728514;-1.0000691089;0.4403811872;0.8735547368;8.08429500587238E-06;0.9782808739
20.5;-250.3878825706;299.2019114671;-1.0001896858;-250.0002388693;299.9997649747;-1.0000681035;0.3876437013;0.7978535075;0.0001215823;0.887038823
21;-250.3492364529;299.291276104;-1.0001115358;-250.0002506388;299.9997574252;-1.0000668041;0.3489858141;0.7084813212;4.47317497862532E-05;0.7897701456
21.5;-250.3368946815;299.3208404182;-1.0001413853;-250.0002623077;299.9997502207;-1.0000652112;0.3366323738;0.6789098025;0.000076174;0.7577861709
22;-250.3342999539;299.3162954349;-0.9999157055;-250.0002738354;299.9997433765;-1.0000633267;0.3340261186;0.6834479416;0.0001476211;0.7607066179
22.5;-250.3220388528;299.3858091457;-0.9999965558;-250.0002851821;299.9997369055;-1.0000611532;0.3217536707;0.6139277598;6.45973865217586E-05;0.6931325436
23;-250.2499512607;299.3978501136;-1.0001745109;-250.0002963092;299.9997308187;-1.0000586946;0.2496549515;0.6018807051;0.0001158162;0.6516041677
23.5;-250.1764085411;299.3848063103;-1.0000808576;-250.0003071795;299.9997251245;-1.0000559558;0.1761013616;0.6149188142;2.49017175764088E-05;0.6396380526
24;-250.0882306877;299.4584672843;-1.0001714025;-250.0003177572;299.9997198296;-1.0000529427;0.0879129306;0.5412525453;0.0001184598;0.5483457077
24.5;-250.1777101729;299.4732899195;-1.0001808376;-250.0003280082;299.9997149384;-1.0000496618;0.1773821647;0.5264250188;0.0001311758;0.5555067506
25;-250.196333811;299.3759365149;-1.0000424949;-250.0003379006;299.9997104535;-1.0000461208;0.1959959105;0.6237739386;0.000003626;0.6538412066
25.5;-250.1562243336;299.3597652069;-0.9998409052;-250.0003474039;299.9997063759;-1.000042328;0.1558769297;0.6399411689;0.0002014227;0.6586519244
26;-250.2182870975;299.3251541445;-0.9999179682;-250.0003564903;299.9997027045;-1.0000382921;0.2179306072;0.67454856;0.0001203239;0.7088790615
26.5;-250.2349914956;299.3920538482;-1.0000898081;-250.0003651339;299.9996994368;-1.0000340227;0.2346263618;0.6076455886;5.57853582154877E-05;0.6513698597
27;-250.1752611298;299.3543080755;-1.0001228537;-250.0003733112;299.9996965689;-1.0000295296;0.1748878186;0.6453884933;9.33240859333218E-05;0.668664389
27.5;-250.1302626169;299.4105384718;-0.9999724233;-250.0003810011;299.9996940952;-1.0000248232;0.1298816159;0.5891556234;5.23998578967344E-05;0.603302234
28;-250.1290524136;299.4282688345;-1.000012542;-250.000388185;299.9996920092;-1.0000199144;0.1286642286;0.5714231747;7.37236632941674E-06;0.5857293985
28.5;-250.0880663298;299.4797110306;-0.9999515947;-250.0003948467;299.9996903029;-1.0000148162;0.0876714831;0.5199792722;6.32214422896515E-05;0.5273184394
29;-250.0731733594;299.5063665186;-0.9999831132;-250.0004009726;299.9996889671;-1.0000095486;0.0727723867;0.4933224486;2.64353871587408E-05;0.4986610665
29.5;-250.0337090112;299.471052507;-1.0001035863;-250.0004065509;299.9996879907;-1.0000041677;0.0333024603;0.5286354837;9.94185621752131E-05;0.5296834322
30;-250.0367897519;299.5324594601;-1.0002338765;-250.000411576;299.999687367;-0.9999990765;0.0363781759;0.4672279069;0.0002348001;0.468642021
30.5;-250.0909877926;299.4982641012;-1.000122678;-250.0004160439;299.9996870872;-0.9999937408;0.0905717487;0.501422986;0.0001289372;0.5095373089
31;-250.1122818925;299.5294383153;-0.9999118476;-250.0004199483;299.9996871338;-0.9999873199;0.1118619442;0.4702488185;7.54722655361695E-05;0.4833705117
31.5;-250.0777629574;299.5274699862;-1.0000858259;-250.0004232876;299.9996874921;-0.9999795377;0.0773396698;0.4722175059;0.0001062882;0.4785089432
32;-250.0196531849;299.5215160848;-1.0000097316;-250.0004260638;299.9996881481;-0.999970406;0.0192271211;0.4781720633;3.93255905136725E-05;0.4785584665
32.5;-249.8690711543;299.5317745482;-0.9998173242;-250.000428282;299.9996890886;-0.999960115;0.1313571277;0.4679145404;0.0001427908;0.4860028112
33;-249.8132712781;299.5193232242;-1.0000425262;-250.0004299494;299.9996903001;-0.99994898;0.1871586713;0.4803670758;9.35461469250276E-05;0.5155394306
33.5;-249.8697424777;299.5210577521;-0.9999077537;-250.0004310751;299.999691769;-0.9999374211;0.1306885975;0.4786340169;2.96674283097875E-05;0.4961552504
34;-249.9103675526;299.4685051323;-0.9998965127;-250.0004316702;299.9996934819;-0.9999259716;0.0900641176;0.5311883496;2.94588702154375E-05;0.5387695322
34.5;-249.8275187077;299.3749660729;-1.0000004088;-250.000431748;299.9996954272;-0.9999153752;0.1729130403;0.6247293543;8.50335905939748E-05;0.6482173192
35;-249.7978177703;299.3738958841;-1.0001367957;-250.0004313162;299.9996975826;-0.9999074322;0.202613546;0.6258016985;0.0002293636;0.6577842105
35.5;-249.8008601978;299.3787281168;-0.9998075959;-250.0004303892;299.9996999358;-0.9999021889;0.1995701915;0.6209718189;0.000094593;0.6522532255
36;-249.7633174461;299.3936967075;-0.9997994444;-250.0004289876;299.9997024805;-0.9998984669;0.2371115415;0.606005773;9.902250390037E-05;0.6507417997
36.5;-249.7400507354;299.3416780217;-0.9999237326;-250.0004271304;299.9997052048;-0.9998958152;0.260376395;0.658027183;2.79173882855588E-05;0.707669161
37;-249.7110738994;299.3219964862;-0.999890803;-250.0004248372;299.9997080943;-0.9998939844;0.2893509378;0.677711608;3.18139938226825E-06;0.7368968645
37.5;-249.7309069493;299.373801338;-1.0000338193;-250.0004221286;299.9997111343;-0.999892823;0.2695151793;0.6259097963;0.0001409964;0.6814701202
38;-249.8174929096;299.3058255372;-1.000071025;-250.0004190268;299.9997143103;-0.9998922303;0.1829261172;0.6938887731;0.0001787947;0.7175957258
38.5;-249.9455125634;299.3382104107;-0.9999123387;-250.0004155552;299.9997176081;-0.9998921349;0.0549029918;0.6615071973;2.02037382861509E-05;0.6637816742
39;-249.9279475641;299.3580931803;-0.9998544658;-250.0004117383;299.9997210142;-0.9998924828;0.0724641742;0.6416278339;3.80170563384352E-05;0.6457068493
39.5;-249.9504854612;299.3622366927;-1.0000163204;-250.0004076014;299.9997245156;-0.9998932309;0.0499221402;0.6374878228;0.0001230896;0.6394395667
40;-249.966532576;299.385620492;-0.9999884335;-250.0004031707;299.9997280994;-0.999894343;0.0338705947;0.6141076073;9.4090497710031E-05;0.6150409575
40.5;-250.1121093582;299.2861643789;-0.9998816845;-250.0003984727;299.9997317534;-0.999895788;0.1117108855;0.7135673744;1.41034969096676E-05;0.7222587625
41;-250.0878087309;299.296598526;-0.9998213308;-250.0003935344;299.9997354654;-0.9998975377;0.0874151965;0.7031369394;0.000076207;0.7085499121
41.5;-250.0437401594;299.2703556408;-0.9998053839;-249.9999441336;299.999047485;-0.9998954785;0.0437960258;0.7286918442;9.00946723060292E-05;0.7300067834
42;-250.0192156741;299.3269309401;-0.9999740191;-249.9759340317;299.9616739285;-0.9998966227;0.0432816424;0.6347429884;7.73964644080749E-05;0.6362169189
42.5;-249.9744276235;299.2996255139;-0.9998005123;-249.9253017569;299.8828472961;-0.9998805352;0.0491258666;0.5832217822;8.0022817532388E-05;0.5852871128
43;-249.9308266172;299.3361779114;-1.000037503;-249.8638265594;299.7871374485;-0.9998718012;0.0670000578;0.4509595372;0.0001657018;0.4559095737
43.5;-249.9578103978;299.2552920984;-1.0000025467;-249.797617947;299.6840578379;-0.9998615606;0.1601924508;0.4287657395;0.000140986;0.4577135573
44;-249.8815923768;299.1848195649;-0.9997906714;-249.7289843129;299.5772026669;-0.999862517;0.1526080639;0.392383102;7.18455646729899E-05;0.4210151127
44.5;-249.752489526;299.0398708286;-0.9999675727;-249.6588035906;299.4679383586;-0.9998636661;0.0936859354;0.4280675299;0.0001039065;0.4381995841
45;-249.7686718968;298.9572289841;-0.9999056168;-249.6005732217;299.3772792852;-0.9998884368;0.1680986751;0.4200503011;0.00001718;0.4524372004
45.5;-249.7952151765;298.9188957824;-0.9998583327;-249.573587773;299.3352663616;-0.9999285578;0.2216274036;0.4163705791;7.02251522856079E-05;0.4716812166
46;-249.8520115351;299.0152348998;-0.9998597085;-249.5559580993;299.3078183617;-0.9999468827;0.2960534358;0.2925834619;8.71741319278252E-05;0.4162363831
46.5;-249.8171110679;299.0299414668;-0.9998493256;-249.5319444548;299.2704272115;-0.9999636936;0.285166613;0.2404857448;0.000114368;0.3730327113
47;-249.7768904978;299.0130935953;-0.9999828661;-249.4874373736;299.2011203056;-0.9999803907;0.2894531242;0.1880267103;2.47545067055821E-06;0.345162505
47.5;-249.6721972359;298.843525721;-1.0000055442;-249.423862501;299.1021163804;-0.9999916272;0.2483347349;0.2585906594;0.000013917;0.3585237369
48;-249.6432866142;298.72505974;-1.000040314;-249.3524586328;298.9909171625;-1.0000007578;0.2908279815;0.2658574224;3.9556168378807E-05;0.394031833
48.5;-249.5266870736;298.5813543654;-1.0000553348;-249.2775170568;298.8742054362;-1.0000123715;0.2491700168;0.2928510709;4.29633309351196E-05;0.3845093612
49;-249.4430751724;298.4462233656;-0.9998550752;-249.2006608964;298.7545087913;-1.0000236765;0.242414276;0.3082854257;0.0001686013;0.3921793127
49.5;-249.3292123375;298.3822087332;-0.9999381835;-249.1225092844;298.6327911646;-1.0000377314;0.2067030531;0.2505824313;9.9547894680585E-05;0.3248349072
50;-249.2241085862;298.2440661237;-1.0001020849;-249.0433035642;298.5094281004;-1.0000517814;0.180805022;0.2653619767;5.03035250327688E-05;0.3211034681
50.5;-249.2173134991;298.1157822642;-1.000278001;-248.9631428509;298.3845736445;-1.0000674404;0.2541706482;0.2687913803;0.0002105606;0.3699345467
51;-249.1553869765;297.9747006916;-1.00026215;-248.8820726352;298.2582983509;-1.0000833051;0.2733143413;0.2835976593;0.0001788449;0.3938634199
51.5;-249.0124342813;297.8383228635;-1.0001814801;-248.8001181063;298.1306411949;-1.0000998404;0.212316175;0.2923183313;8.16397383034406E-05;0.3612868274
52;-248.9387089132;297.783699434;-1.0001230138;-248.7172966956;298.001629096;-1.0001167368;0.2214122176;0.2179296619;0.000006277;0.3106713821
52.5;-248.8616611908;297.5463224196;-1.0000835647;-248.6336383037;297.8713084298;-1.0001337672;0.2280228872;0.3249860102;5.02024524406952E-05;0.3970016958
53;-248.8064519312;297.5489427301;-1.0001417757;-248.5494514084;297.7401595913;-1.0001510926;0.2570005228;0.1912168612;9.31691375471999E-06;0.3203328844
53.5;-248.656164044;297.36512395;-1.0001556185;-248.4646688469;297.6080778232;-1.0001684396;0.1914951971;0.2429538732;1.28210603034251E-05;0.3093493093
54;-248.6132267507;297.2624576139;-1.0000974983;-248.3791656404;297.4748682863;-1.0001861228;0.2340611103;0.2124106724;8.86244901765476E-05;0.316074208
54.5;-248.5254954049;297.1170832355;-1.000170304;-248.2929018919;297.3404686822;-1.0002038885;0.232593513;0.2233854466;3.35844684282716E-05;0.3224915521
55;-248.4861383294;296.9506876827;-1.0001162339;-248.2058697676;297.2048666632;-1.0002218609;0.2802685618;0.2541789805;0.000105627;0.3783615097
55.5;-248.4829242579;296.7516828182;-1.000236166;-248.1180733889;297.0680685087;-1.0002399762;0.364850869;0.3163856905;3.8101832910975E-06;0.4829244887
56;-248.386874831;296.6347450624;-1.0001254143;-248.0295212703;296.9300873457;-1.0002582272;0.3573535607;0.2953422832;0.0001328129;0.4636039789
56.5;-248.2176660289;296.4137016615;-1.0002182516;-247.9402234778;296.7909387203;-1.0002766354;0.2774425511;0.3772370587;5.83838253875868E-05;0.4682757425
57;-248.1285339717;296.3567694106;-1.0002567055;-247.8501905608;296.6506389346;-1.0002951636;0.2783434109;0.293869524;3.84580704213544E-05;0.4047645649
57.5;-247.9122562445;296.1962881157;-1.0005352629;-247.7594331522;296.5092044232;-1.000313835;0.1528230923;0.3129163075;0.0002214279;0.3482406669
58;-247.8817820685;296.0630900666;-1.0002167218;-247.6679618196;296.3666515209;-1.0003326296;0.2138202489;0.3035614543;0.0001159078;0.3713067045
58.5;-247.8288230572;296.0010191446;-1.0004547145;-247.5757870103;296.2229963772;-1.0003515517;0.2530360469;0.2219772325;0.0001031628;0.3366023521
59;-247.6551408902;295.8195052325;-1.0005384664;-247.4829190327;296.0782549269;-1.0003705977;0.1722218576;0.2587496945;0.0001678687;0.310824389
59.5;-247.5218201664;295.6155911723;-1.0003395525;-247.3893680498;295.9324428808;-1.0003897625;0.1324521166;0.3168517085;0.00005021;0.3434218556
60;-247.4875838986;295.475047674;-1.0005401375;-247.295233291;295.7857147878;-1.0004086989;0.1923506076;0.3106671138;0.0001314385;0.3653940737
60.5;-247.3437123884;295.3104479172;-1.000509195;-247.2100895626;295.6529961822;-1.0004167766;0.1336228258;0.3425482649;9.24183508117515E-05;0.3676878866
61;-247.2947229786;295.2411073179;-1.0004933073;-247.1512958454;295.5613489923;-1.0004156106;0.1434271332;0.3202416744;7.7696694716245E-05;0.3508932582
61.5;-247.2303549417;295.2440173179;-1.0003635258;-247.1202900555;295.5130176378;-1.0004371334;0.1100648862;0.2690003199;7.36076176772737E-05;0.2906466182
62;-247.2214278725;295.1950886601;-1.00036724;-247.1100256754;295.4970186766;-1.0004611859;0.111402197;0.3019300165;9.39458636435298E-05;0.3218263401
62.5;-247.2053305505;295.1689798592;-1.0004417933;-247.1117291558;295.4996763156;-1.0004874178;0.0936013948;0.3306964564;4.5624474912298E-05;0.3436878954
63;-247.2411823311;295.1944831609;-1.0006000427;-247.118411073;295.5100953626;-1.0005166149;0.1227712581;0.3156122017;8.34277813033246E-05;0.3386500416
63.5;-247.2373935976;295.2301059526;-1.0006285304;-247.1257780126;295.5215827351;-1.0005756269;0.111615585;0.2914767826;5.29034758844915E-05;0.312116575
64;-247.2468618933;295.2564871571;-1.0007226097;-247.1318510349;295.5310531404;-1.0005917437;0.1150108585;0.2745659833;0.0001308659;0.297681027
64.5;-247.2629543103;295.1840917447;-1.0005115322;-247.1361606661;295.5377744735;-1.0006210732;0.1267936442;0.3536827287;0.000109541;0.3757234526
65;-247.2790651468;295.0757824707;-1.0005585788;-247.1389918044;295.5421909164;-1.0006209184;0.1400733423;0.4664084457;6.23395904630897E-05;0.4869880731
65.5;-247.3738577891;295.0228960265;-1.0005632603;-247.1408603254;295.5451068516;-1.0006149253;0.2329974636;0.5222108251;5.16650515232087E-05;0.5718321139
66;-247.3364088804;295.0363559293;-1.0006964559;-247.1422337521;295.5472513094;-1.0006192357;0.1941751283;0.5108953801;7.72201968914921E-05;0.5465510734
66.5;-247.3230190498;295.0391080767;-1.0006641719;-247.1434300129;295.5491200418;-1.0006358649;0.1795890369;0.5100119651;2.83069120614599E-05;0.54070734
67;-247.4380587172;294.998010066;-1.0006506031;-247.1446166641;295.5509742837;-1.0006602197;0.2934420531;0.5529642177;9.61662779142003E-06;0.6260013296
67.5;-247.5259196284;295.0342847833;-1.0007129747;-247.1458527162;295.5529059957;-1.0006877072;0.3800669123;0.5186212124;2.5267477567148E-05;0.6429765317
68;-247.5937092841;295.0080475043;-1.0007798098;-247.1471363066;295.5549122198;-1.0007150029;0.4465729775;0.5468647155;6.48068329287543E-05;0.7060371418
68.5;-247.601865298;294.9685744166;-1.000603459;-247.1484413904;295.5569522996;-1.0007399984;0.4534239076;0.5883778831;0.0001365394;0.7428201612
69;-247.5976996989;295.0128034645;-1.0008603678;-247.1497396261;295.5589820075;-1.000761565;0.4479600727;0.546178543;9.88027190282903E-05;0.7063846242
69.5;-247.6398531763;295.0158921747;-1.0008690904;-247.1510100309;295.5609685978;-1.0007792996;0.4888431455;0.5450764231;8.97908788870527E-05;0.7321720672
70;-247.6538157994;295.0487068723;-1.0006208816;-247.1522408897;295.5628937831;-1.0007932727;0.5015749097;0.5141869108;0.0001723911;0.7183074544
70.5;-247.6001610489;295.0513322202;-1.0006910978;-247.1534279378;295.5647508966;-1.0008037979;0.4467331111;0.5134186764;0.0001127;0.6805653698
71;-247.6103223988;295.156061198;-1.0006646719;-247.1545715144;295.5665404515;-1.0008112503;0.4557508845;0.4104792535;0.0001465784;0.6133531672
71.5;-247.59195944;295.169384323;-1.0009693213;-247.1556740888;295.5682662822;-1.0008159576;0.4362853512;0.3988819592;0.0001533638;0.5911444397
72;-247.6214566448;295.1507758993;-1.0007675552;-247.1567386343;295.5699330073;-1.0008181572;0.4647180105;0.419157108;0.000050602;0.6258238674
72.5;-247.6392979189;295.2487581103;-1.0008727332;-247.1577678054;295.5715447468;-1.0008180011;0.4815301135;0.3227866364;0.000054732;0.5797089493
73;-247.6424850671;295.2058222666;-1.000758258;-247.158763679;295.5731047181;-1.0008155816;0.4837213881;0.3672824515;5.73236023710955E-05;0.6073572127
73.5;-247.5842755649;295.1947278913;-1.000681416;-247.1597277994;295.5746153074;-1.0008109613;0.4245477655;0.379887416;0.0001295453;0.5696975258
74;-247.6371601345;295.2030213839;-1.0008053489;-247.1606613373;295.5760783174;-1.0008041971;0.4764987972;0.3730569335;1.15188110427766E-06;0.6051632667
74.5;-247.6542046428;295.1997293975;-1.0007677117;-247.1615652511;295.5774952193;-1.0007953536;0.4926393917;0.3777658218;0.000027642;0.6208064007
75;-247.6611966436;295.140333899;-1.000904271;-247.1624404042;295.5788673363;-1.0007845104;0.4987562394;0.4385334374;0.0001197606;0.6641305417
75.5;-247.6877043059;295.2071849223;-1.0007301461;-247.1632876322;295.5801959477;-1.0007717617;0.5244166737;0.3730110254;4.16155993494538E-05;0.6435449281
76;-247.7017978961;295.1093418597;-1.000674;-247.1641077696;295.5814823316;-1.0007572154;0.5376901265;0.4721404719;8.3215357094435E-05;0.715560832
76.5;-247.7274845121;295.148354694;-1.0005712416;-247.1649016541;295.5827277709;-1.0007409891;0.562582858;0.4343730769;0.0001697474;0.7107597842
77;-247.7386125804;295.145793904;-1.0008425669;-247.1656701196;295.5839335425;-1.0007232079;0.5729424608;0.4381396385;0.000119359;0.721269312
77.5;-247.681041364;295.0776482984;-1.0007415651;-247.166413987;295.5851009034;-1.0007040023;0.514627377;0.507452605;3.75628701516639E-05;0.7227374938
78;-247.6818596626;295.1121747579;-1.0007519325;-247.1671340571;295.5862310796;-1.000683506;0.5147256055;0.4740563216;6.84265763593039E-05;0.6997655677
78.5;-247.6877137486;295.0778185268;-1.0006998619;-247.1678311065;295.5873252594;-1.0006618552;0.5198826421;0.5095067326;3.80066670855328E-05;0.727925184
79;-247.6397213268;295.0505594401;-1.0004964734;-247.1685058858;295.5883845913;-1.0006391875;0.4712154411;0.5378251512;0.0001427141;0.7150523795
79.5;-247.7533504145;295.0968816341;-1.0005040062;-247.1691591198;295.5894101841;-1.0006156405;0.5841912947;0.49252855;0.0001116343;0.7641098441
80;-247.7883802427;295.0643713767;-1.0006524693;-247.1697915088;295.5904031085;-1.0005913514;0.6185887339;0.5260317318;0.000061118;0.8120107193
80.5;-247.8113574528;295.0193044054;-1.0006463803;-247.1704037292;295.5913643994;-1.0005664555;0.6409537235;0.572059994;7.99247687264248E-05;0.8591125181
81;-247.8039334187;295.0441967223;-1.0005395194;-247.1709964356;295.5922950579;-1.0005410861;0.6329369831;0.5480983356;1.56667493755869E-06;0.8372699745
81.5;-247.7936725223;295.0824970046;-1.0004667003;-247.171570261;295.5931960526;-1.0005153727;0.6221022614;0.5106990479;4.86724686565854E-05;0.8048756075
82;-247.7128491073;295.1065268139;-1.0005141612;-247.1721258181;295.5940683213;-1.0004894415;0.5407232893;0.4875415074;2.4719716908761E-05;0.7280648306
82.5;-247.6569262153;295.0897418291;-1.0004385093;-247.1726636998;295.5949127721;-1.0004634139;0.4842625155;0.505170943;2.49045948206295E-05;0.6997913019
83;-247.6912100257;294.9284442843;-1.0005335525;-247.17318448;295.5957302844;-1.0004374069;0.5180255456;0.6672860001;9.6145569342454E-05;0.8447609609
83.5;-247.6182558965;295.0344974823;-1.0003634584;-247.173688714;295.5965217096;-1.0004115325;0.4445671826;0.5620242272;4.80740842812022E-05;0.7165969677
84;-247.6418006311;295.0165143694;-1.0004731938;-247.1741769388;295.5972878722;-1.0003858978;0.4676236923;0.5807735027;0.000087296;0.7456338154
84.5;-247.6719354999;294.9779944829;-1.0003931807;-247.1746496741;295.5980295706;-1.0003606051;0.4972858258;0.6200350877;3.257555349645E-05;0.7948186608
85;-247.7222419475;295.0911743502;-1.0003346824;-247.1751074224;295.598747578;-1.0003357518;0.5471345251;0.5075732278;1.06939996080691E-06;0.7463154629
85.5;-247.7098692374;295.1324007647;-1.0004077001;-247.1755506698;295.5994426429;-1.0003114305;0.5343185677;0.4670418782;9.62695355359866E-05;0.7096650316
86;-247.7458644419;295.1505782149;-1.0001923409;-247.1759798862;295.6001154905;-1.0002877295;0.5698845557;0.4495372756;9.5388532424856E-05;0.7258458363
86.5;-247.6967751251;295.0309050137;-1.0003603909;-247.1763955263;295.6007668227;-1.0002647323;0.5203795988;0.569861809;9.565863661809E-05;0.7717107083
87;-247.7982831232;294.9530363326;-1.0002125641;-247.1767980294;295.6013973195;-1.0002425183;0.6214850938;0.648360987;2.99542428450206E-05;0.8981178609
87.5;-247.7854753346;294.9784076874;-1.0003754813;-247.1771878202;295.6020076396;-1.0002211628;0.6082875145;0.6235999522;0.0001543185;0.8711432858
88;-247.7869953829;294.9496298547;-1.0002322517;-247.1775653094;295.6025984207;-1.0002007363;0.6094300734;0.6529685659;3.15153618315467E-05;0.8931813721
88.5;-247.8697349503;294.9847423474;-0.9999738417;-247.1779308941;295.6031702805;-1.0001813056;0.6918040562;0.6184279331;0.0002074638;0.9279256455
89;-247.8765329002;295.0478000595;-1.0000723343;-247.1782849578;295.6037238175;-1.0001629325;0.6982479424;0.555923758;9.05982640762026E-05;0.892525306
89.5;-247.8970659077;294.9990417989;-1.0000669267;-247.1786278713;295.6042596113;-1.0001456747;0.7184380364;0.6052178124;0.000078748;0.9393837441
90;-247.8792176001;294.9654738951;-0.9999387228;-247.178959993;295.6047782234;-1.0001295847;0.7002576071;0.6393043283;0.0001908619;0.948193428
90.5;-247.2530274633;295.6585959983;-1.0000629412;-247.1792816691;295.6052801976;-1.0001147102;0.0737457942;0.0533158006;5.17690783281566E-05;0.0910001068
91;-247.2547777982;295.6870222296;-0.9999634732;-247.1795932343;295.605766061;-1.0001010935;0.0751845639;0.0812561686;0.0001376203;0.1107036699
91.5;-247.1755487135;295.6120137274;-0.9999362656;-247.1798950118;295.606236324;-1.0000887711;0.0043462983;0.0057774033;0.0001525054;0.0072313177
92;-247.1535175984;295.6293576024;-1.0000953609;-247.180187314;295.6066914813;-1.0000777735;0.0266697155;0.0226661211;1.75874203949267E-05;0.0350003869
92.5;-247.1644712991;295.619373517;-1.0001128657;-247.1804704426;295.607132012;-1.000068125;0.0159991435;0.012241505;4.47407418324719E-05;0.0201451989
93;-247.0857847725;295.600903992;-0.9998898782;-247.1807446894;295.6075583806;-1.0000598429;0.0949599169;0.0066543886;0.0001699647;0.0951929388
93.5;-246.9655424623;295.7532350971;-1.0000132377;-247.1810103359;295.6079710371;-1.0000529378;0.2154678736;0.14526406;0.0000397;0.259861604
94;-246.930049742;295.7353152724;-0.9998597185;-247.1812675295;295.6083702231;-1.0000474197;0.2512177875;0.1269450493;0.0001877012;0.2814701717
94.5;-246.9553103937;295.6834719641;-1.0001681658;-247.1815167514;295.6087567011;-1.0000432663;0.2262063577;0.0747152629;0.0001248995;0.2382261581
95;-246.9438227633;295.6843873461;-1.0001530747;-247.1817582243;295.6091308321;-1.000040473;0.2379354609;0.0752565139;0.0001126017;0.2495532791
95.5;-246.8769034703;295.5825146493;-1.0000049388;-247.1819921485;295.6094929429;-1.0000390245;0.3050886783;0.0269782936;3.40857479799173E-05;0.3062791718
96;-246.8450455933;295.6098487938;-0.999195818;-247.1812802875;295.6083825864;-0.9984924738;0.3362346942;0.0014662073;0.0007033442;0.3362386266
96.5;-246.8901153365;295.6477403161;-0.9956899964;-247.1779711253;295.6032344339;-0.9957524132;0.2878557888;0.0445058822;6.24167346094939E-05;0.2912760419
97;-246.8846719108;295.5637829174;-0.991695038;-247.1745144545;295.5978713659;-0.9908910963;0.2898425436;0.0340884485;0.0008039417;0.2918413417
97.5;-246.8821512541;295.6143082777;-0.9842438372;-247.1712525246;295.5928362233;-0.9846398796;0.2891012704;0.0214720544;0.0003960424;0.2898978277
98;-246.8974101653;295.6456167488;-0.9777148525;-247.1682014279;295.5881693981;-0.9763137899;0.2707912626;0.0574473507;0.0014010626;0.2768213665
98.5;-246.8996877525;295.6464976564;-0.9654168747;-247.165237326;295.5836953543;-0.9660137135;0.2655495735;0.0628023021;0.0005968388;0.2728755418
99;-246.8483969794;295.6858819489;-0.9558116388;-247.1623089297;295.5793508125;-0.9538050389;0.3139119503;0.1065311364;0.0020065999;0.3315020694
99.5;-246.8884357155;295.7542374928;-0.9391091437;-247.1593929511;295.5751145919;-0.9397474044;0.2709572356;0.1791229009;0.0006382607;0.3248126299
100;-246.9421852396;295.7944572291;-0.9265906793;-247.1564771945;295.5709811561;-0.9239060286;0.2142919549;0.223476073;0.0026846508;0.3096284943
100.5;-246.878524583;295.7915821042;-0.9032839055;-247.1534202576;295.5667772866;-0.9039743722;0.2748956747;0.2248048176;0.0006904668;0.3551131013
101;-246.8717615826;295.6995383329;-0.8878559758;-247.150291001;295.562611598;-0.8849198319;0.2785294184;0.1369267348;0.0029361439;0.3103807155
101.5;-246.9562306708;295.7781191874;-0.865071693;-247.147254641;295.5586968031;-0.865807816;0.1910239702;0.2194223844;0.000736123;0.2909241857
102;-246.9567150473;295.8357246586;-0.8484908625;-247.1442561314;295.5549613843;-0.8449783274;0.1875410841;0.2807632743;0.0035125351;0.3376566486
102.5;-246.9900298695;295.8105375236;-0.8214237883;-247.1412593524;295.5513641488;-0.822532496;0.1512294828;0.2591733749;0.0011087077;0.3000706983
103;-246.9317411419;295.8363530434;-0.8024821214;-247.1382482333;295.547892945;-0.7985152452;0.2065070914;0.2884600985;0.0039668762;0.3547818249
103.5;-246.9567353823;295.8226715862;-0.7719311147;-247.1352155406;295.5445455434;-0.7729671065;0.1784801583;0.2781260428;0.0010359917;0.3304698714
104;-246.9860930582;295.8426006187;-0.7503297922;-247.1321577967;295.5413233132;-0.7459268822;0.1460647385;0.3012773055;0.00440291;0.3348466937
104.5;-247.0207423923;295.7914554426;-0.7162399223;-247.1290729478;295.5382292842;-0.7172233965;0.1083305555;0.2532261584;0.0009834742;0.2754268755
105;-247.0375853876;295.8020206596;-0.6919104288;-247.1259596103;295.5352673489;-0.6870399333;0.0883742227;0.2667533107;0.0048704955;0.2810534714
105.5;-247.0034709057;295.8178712601;-0.6541046122;-247.1228174626;295.532441382;-0.6554715757;0.1193465569;0.2854298781;0.0013669635;0.3093795154
106;-247.0696061531;295.8771611891;-0.6242208663;-247.1195681357;295.529700006;-0.6182549762;0.0499619826;0.3474611831;0.0059658901;0.3510855527
106.5;-246.9670910824;295.7617221019;-0.5800788202;-247.1162394412;295.5270773284;-0.5811719178;0.1491483588;0.2346447735;0.0010930976;0.2780370434
107;-246.9751513825;295.8273348828;-0.5498269456;-247.1128711121;295.524607445;-0.5438720944;0.1377197296;0.3027274378;0.0059548513;0.3326350639
107.5;-246.86042985;295.8410510328;-0.5050260904;-247.109478903;295.5222996994;-0.5062891557;0.249049053;0.3187513333;0.0012630652;0.4045113579
108;-246.8463453688;295.8124520704;-0.4745019083;-247.106071061;295.5201569501;-0.4683832763;0.2597256922;0.2922951202;0.0061186321;0.39106433
108.5;-246.8628008789;295.8527739507;-0.4289801718;-247.102653346;295.518180036;-0.4300770136;0.2398524671;0.3345939147;0.0010968418;0.4116837339
109;-246.8070219966;295.939473426;-0.4014080412;-247.0992921904;295.5163923844;-0.3957524906;0.2922701938;0.4230810416;0.0056555506;0.5142484022
109.5;-246.7863691436;295.9547390577;-0.3729949384;-247.095972471;295.5147767723;-0.3598937276;0.3096033274;0.4399622854;0.0131012108;0.5381381558
110;-246.7575362151;295.9154641013;-0.3259678129;-247.0926486579;295.5133113101;-0.3204236193;0.3351124428;0.4021527912;0.0055441935;0.5235054488
110.5;-246.7297185817;295.9381608163;-0.2756632824;-247.0892716853;295.5119858348;-0.2777748975;0.3595531035;0.4261749815;0.0021116151;0.5575912553
111;-246.7029189328;295.9571186253;-0.2429550283;-247.0858993636;295.5108244896;-0.2352005843;0.3829804308;0.4462941356;0.0077544439;0.5881433476
111.5;-246.7133748016;295.9333056509;-0.1808940179;-247.0819821812;295.5096904163;-0.1820395765;0.3686073797;0.4236152346;0.0011455586;0.5615359113
112;-246.6303693332;295.996841815;-0.1488956986;-247.0783721682;295.5087813564;-0.1425461915;0.448002835;0.4880604586;0.006349507;0.6625329182
112.5;-246.5703156142;295.9800505727;-0.1173736664;-247.0749916831;295.5080685718;-0.1045361125;0.5046760689;0.4719820009;0.0128375539;0.6911076229
113;-246.5649837359;295.9750783452;-0.0732573924;-247.0717625714;295.5075099128;-0.0671611124;0.5067788356;0.4675684323;0.00609628;0.6895521675
113.5;-246.5074220701;295.884622412;-0.0244579393;-247.0686026345;295.5070998966;-0.0262570735;0.5611805644;0.3775225154;0.0017991342;0.6763505839
114;-246.461458752;295.8428831048;0.0071771357;-247.065491483;295.5068404689;0.0136106173;0.604032731;0.3360426359;0.0064334816;0.6912463981
114.5;-246.4356248855;295.8997736843;0.0562121498;-247.0624481131;295.5067289409;0.0545775003;0.6268232276;0.3930447433;0.0016346495;0.7398609335
115;-246.4275989936;295.8948841757;0.0903857516;-247.0595190881;295.5067571031;0.0974945107;0.6319200944;0.3881270726;0.0071087592;0.7416307468
115.5;-246.3311661298;295.9211449876;0.1126416942;-247.0261837112;295.5102895606;0.1113721333;0.6950175815;0.410855427;0.0012695609;0.8073742826
116;-246.227111903;295.958836943;0.1176853514;-246.9363643444;295.520468067;0.1188663707;0.7092524414;0.438368876;0.0011810193;0.833791156
116.5;-246.0953028609;295.9545848291;0.1208517118;-246.8210952283;295.5338434335;0.1208192702;0.7257923674;0.4207413956;3.24415765700359E-05;0.8389266259
117;-245.9589194253;295.9653326085;0.1222560861;-246.6971215128;295.5484862321;0.1226545471;0.7382020875;0.4168463764;0.000398461;0.8477637538
117.5;-245.8459542646;295.9408819966;0.1246324914;-246.5651010606;295.5643380089;0.1244977251;0.719146796;0.3765439877;0.0001347663;0.8117619768
118;-245.7644194738;295.868566336;0.1261548873;-246.4337557978;295.5803351324;0.1266588713;0.669336324;0.2882312036;0.000503984;0.7287582558
118.5;-245.6590824798;295.8984802831;0.1287237525;-246.300922585;295.596784282;0.1286102593;0.6418401052;0.3016960011;0.0001134932;0.7092102725
119;-245.5749304031;295.9425546272;0.1302583069;-246.1637507942;295.6140579729;0.1305737479;0.5888203912;0.3284966543;0.000315441;0.6742548513
119.5;-245.3832860462;295.9679885774;0.1327596116;-246.0241424348;295.631917462;0.1325136038;0.6408563886;0.3360711155;0.0002460078;0.7236302688
120;-245.2128729597;295.9806543637;0.133938304;-245.8823247369;295.6503423564;0.1343972527;0.6694517773;0.3303120073;0.0004589487;0.7465064734
120.5;-244.9723408266;295.9409573748;0.1362303563;-245.7385403051;295.6693050456;0.1362533485;0.7661994785;0.2716523292;2.29921146824297E-05;0.8129308884
121;-244.7420663086;296.0125053;0.1379754966;-245.5929693937;295.688785187;0.1380802509;0.8509030851;0.3237201129;0.0001047543;0.9104014405
121.5;-244.5414671206;296.0944900295;0.1399473794;-245.4456958092;295.7087750372;0.1398907986;0.9042286886;0.3857149922;5.65808840299886E-05;0.9830592961
122;-244.4212449727;296.1697866061;0.1414805163;-245.2967669555;295.7292722506;0.1416944455;0.8755219828;0.4405143555;0.0002139292;0.9800977938
122.5;-244.2590710187;296.1700494625;0.1434792508;-245.1462164284;295.7502771942;0.1435003632;0.8871454097;0.4197722683;2.11123481748954E-05;0.9814457376
123;-244.0930892169;296.1149301095;0.1449958132;-244.9940725085;295.7717919136;0.1453157833;0.9009832915;0.3431381959;0.0003199701;0.9641134868
123.5;-243.8684508179;296.0320060973;0.1471211886;-244.8403613461;295.7938196393;0.1471459781;0.9719105283;0.238186458;2.47895491613803E-05;1.0006712069
124;-243.8333830736;296.0592386258;0.1487269989;-244.6851081438;295.8163644645;0.1489942782;0.8517250702;0.2428741613;0.0002672793;0.8856768739
124.5;-243.6348864289;296.1486922254;0.1508333273;-244.5283375795;295.8394310812;0.1508623469;0.8934511506;0.3092611443;2.90196134468679E-05;0.9454614824
125;-243.5354893018;296.1983426667;0.1524007769;-244.3743961034;295.8623626534;0.1528748093;0.8389068016;0.3359800133;0.0004740324;0.9036854628
125.5;-243.3170800797;296.1843521691;0.1553349363;-244.2396175241;295.8826806941;0.1550845316;0.9225374444;0.3016714749;0.0002504048;0.9706086121
126;-243.2271104357;296.1628938072;0.156610636;-244.0953789789;295.9047898731;0.1569915879;0.8682685432;0.2581039341;0.0003809519;0.9058189936
126.5;-242.9158297805;296.2974999943;0.1607315178;-243.995266621;295.9202107175;0.1604685033;1.0794368406;0.3772892768;0.0002630146;1.143473288
127;-242.861254253;296.29763547;0.1634105322;-243.9153903191;295.9327573101;0.163462381;1.0541360662;0.3648781598;5.18487020905734E-05;1.1154994039
127.5;-242.8925099726;296.3142349045;0.1653608245;-243.7989565356;295.9516502931;0.1652933968;0.9064465631;0.3625846114;6.7427737764747E-05;0.9762750518
128;-242.778032344;296.380049511;0.1669279324;-243.6622843517;295.9741518529;0.1669957692;0.8842520078;0.4058976581;6.78367164338445E-05;0.9729617293
128.5;-242.5494841377;296.4054807537;0.1685332477;-243.5193517068;295.9979352908;0.168468955;0.9698675691;0.407545463;6.42926437002533E-05;1.0520154039
129;-242.4028615477;296.4369306173;0.1699102582;-243.3650449684;296.0238840438;0.1701254712;0.9621834207;0.4130465736;0.000215213;1.0470933356
129.5;-242.1926597461;296.5732754793;0.1719317305;-243.2046118075;296.0511304609;0.1719134568;1.0119520613;0.5221450184;1.82737492863128E-05;1.1387196297
130;-242.0706074308;296.5809178394;0.1734434484;-243.04118407;296.0791721129;0.1738041834;0.9705766392;0.5017457265;0.000360735;1.0925968683
130.5;-241.9327780439;296.6426685044;0.176143424;-242.8758880707;296.1078428683;0.1757200742;0.9431100268;0.534825636;0.0004233498;1.084202547
131;-241.8103628112;296.6717441021;0.1775431531;-242.7091353251;296.1370884489;0.1776241524;0.8987725138;0.5346556532;8.09993738584147E-05;1.0457766041
131.5;-241.5743567294;296.7341766476;0.1795803226;-242.541159827;296.1668759613;0.1794986609;0.9668030976;0.5673006863;8.16616432899597E-05;1.1209541939
132;-241.5412209944;296.7884168853;0.1808768812;-242.3720861596;296.1971863171;0.1813398597;0.8308651652;0.5912305681;0.0004629784;1.0197503233
132.5;-241.3769815617;296.8984071396;0.1833065955;-242.2019863617;296.228007032;0.1831494104;0.8250048;0.6704001076;0.0001571851;1.0630471527
133;-241.2084832344;296.9527114937;0.1849242821;-242.0257137762;296.260290752;0.1849520645;0.8172305418;0.6924207416;2.77823786848097E-05;1.0711266231
133.5;-241.0507956823;296.9712270589;0.1857904185;-241.8449309173;296.2937325819;0.1867805542;0.794135235;0.6774944771;0.0009901358;1.0438632661
134;-240.8465157406;297.0902669106;0.1883385408;-241.6616641;296.3279723128;0.188624674;0.8151483594;0.7622945979;0.0002861332;1.1160465867
134.5;-240.5811758039;297.1472706227;0.1906798227;-241.4767069879;296.362875668;0.1904607658;0.895531184;0.7843949547;0.0002190569;1.1904837649
135;-240.4202088124;297.2053582547;0.1920034027;-241.290431862;296.3983803742;0.1922708569;0.8702230496;0.8069778805;0.0002674542;1.1868030701
135.5;-240.2691015419;297.3817672002;0.1941667232;-241.1030404628;296.4344510702;0.1940513174;0.8339389209;0.94731613;0.0001154058;1.2620863629
136;-240.0689963032;297.446216596;0.1955409509;-240.9146517405;296.4710652967;0.1958053463;0.8456554374;0.9751512993;0.0002643954;1.2907568498
136.5;-239.8502371449;297.4800312962;0.1974575786;-240.7253414793;296.5082078223;0.1975382502;0.8751043344;0.9718234739;8.06715819862136E-05;1.3077646833
137;-239.7628691526;297.444588303;0.1990608399;-240.5351588385;296.5458685427;0.199255163;0.7722896859;0.8987197603;0.0001943231;1.184959326
137.5;-239.4882735071;297.4356539153;0.2010085848;-240.3441376056;296.5840407579;0.200960062;0.8558640985;0.8516131574;4.852285617854E-05;1.2073724891
138;-239.3815873932;297.4186478633;0.2023802846;-240.1523002079;296.6227205061;0.2026554865;0.7707128147;0.7959273572;0.0002752019;1.107925393
138.5;-239.2467421417;297.4017708479;0.204258924;-239.9596591802;296.6619062154;0.2043426371;0.7129170385;0.7398646325;8.37131262812763E-05;1.027448483
139;-239.0941466013;297.4550902283;0.2057567037;-239.7662187707;296.7015982536;0.2060214156;0.6720721694;0.7534919748;0.0002647119;1.00966887
139.5;-238.9317035597;297.4976631639;0.2078402007;-239.5719701148;296.741799785;0.2076903769;0.6402665551;0.7558633788;0.0001498238;0.990591102
140;-238.7961568072;297.4932242984;0.2092960874;-239.3828736206;296.7812514008;0.2096212554;0.5867168134;0.7119728976;0.000325168;0.9225736457
140.5;-238.6138141555;297.4536150491;0.2138744363;-239.2425819743;296.8106910818;0.2136370149;0.6287678187;0.6429239673;0.0002374214;0.899277629
141;-238.5794806427;297.4698241969;0.2187029245;-239.1643950167;296.8271938775;0.2195015328;0.584914374;0.6426303193;0.0007986083;0.8689644354
141.5;-238.5278615978;297.438722585;0.2265866569;-239.1349694755;296.8334025893;0.2262708294;0.6071078777;0.6053199957;0.0003158275;0.8573169613
142;-238.577440748;297.4909447773;0.2324769657;-239.1351029669;296.8332507631;0.233635125;0.557662219;0.6576940142;0.0011581593;0.8622934002
142.5;-238.6112510234;297.4658805678;0.2420310293;-239.148556538;296.8301745188;0.2417920124;0.5373055146;0.635706049;0.0002390169;0.832357768
143;-238.5875950277;297.4578108828;0.2495488853;-239.1648673894;296.8264738325;0.2511144432;0.5772723617;0.6313370503;0.001565558;0.855471976
143.5;-238.5848422413;297.5149613137;0.2623853765;-239.1788855512;296.8233340554;0.2620314397;0.5940433099;0.6916272583;0.0003539368;0.911721363
144;-238.6622142227;297.5734549313;0.2727920179;-239.1890925293;296.8211345713;0.2749500963;0.5268783066;0.75232036;0.0021580784;0.9184722812
144.5;-238.7022531144;297.5140606502;0.2910556973;-239.1958894548;296.8197991045;0.2903121117;0.4936363404;0.6942615457;0.0007435857;0.8518664703
145;-238.6707117077;297.5984556699;0.3054453816;-239.2003522696;296.8190696794;0.3089292804;0.5296405619;0.7793859905;0.0034838987;0.9423236093
145.5;-238.7452404268;297.5323544078;0.3313876062;-239.2035365374;296.8186725906;0.3309740839;0.4582961105;0.7136818173;0.0004135223;0.8481610886
146;-238.7784849925;297.5756608142;0.3343771405;-239.206176349;296.8184099918;0.3349580499;0.4276913565;0.7572508224;0.0005809094;0.8696832998
146.5;-238.809957205;297.4956751359;0.3389001911;-239.2087462673;296.8181536625;0.338780691;0.3987890624;0.6775214734;0.0001195;0.7861730582
147;-238.8365640957;297.5506107965;0.3418273632;-239.2114504435;296.8178461862;0.3422766717;0.3748863478;0.7327646103;0.0004493085;0.8230941318
147.5;-238.8483953793;297.5450398432;0.344470083;-239.2143097385;296.8174835807;0.3443473053;0.3659143593;0.7275562625;0.0001227776;0.8143902311
148;-238.9098841092;297.6018800142;0.3446907857;-239.2172692752;296.8170859521;0.3446152292;0.307385166;0.7847940621;7.55565162060545E-05;0.8428448053
148.5;-238.9794710584;297.5767795537;0.3433953903;-239.2202611864;296.8166777005;0.3434088899;0.240790128;0.7601018533;1.34995789827785E-05;0.7973297393
149;-238.9920346233;297.6382685659;0.3416654218;-239.2232304384;296.8162783828;0.3412004975;0.2311958151;0.8219901831;0.0004649243;0.8538849936
149.5;-238.9907640137;297.6786935174;0.3382880814;-239.226141;296.8159002128;0.3383697297;0.2353769863;0.8627933046;8.16482958091447E-05;0.8943235538
150;-238.9779573042;297.7395799664;0.3357037388;-239.2289735237;296.8155488252;0.3351830311;0.2510162195;0.9240311412;0.0005207077;0.9575191714
150.5;-238.9360050083;297.7666085001;0.3316011138;-239.2317203325;296.8152252021;0.3318188057;0.2957153242;0.951383298;0.0002176919;0.9962819782
151;-238.8394230539;297.7423450505;0.3289932111;-239.2343805531;296.8149276022;0.32839442;0.3949574992;0.9274174483;0.0005987911;1.0080153313
151.5;-238.7853382592;297.7288444041;0.3249312762;-239.2369563599;296.8146530593;0.324987322;0.4516181007;0.9141913447;5.60457306360562E-05;1.0196591228
152;-238.8485422625;297.7613706435;0.322221591;-239.2394502212;296.8143984671;0.3216493597;0.3909079587;0.9469721764;0.0005722313;1.0244831197
152.5;-238.8549491926;297.739866578;0.3181748715;-239.2418673677;296.8141598284;0.3184085005;0.3869181751;0.9257067495;0.000233629;1.0033138666
153;-238.810165651;297.7036518194;0.3156799805;-239.2442100477;296.8139342496;0.3152875995;0.4340443967;0.8897175699;0.000392381;0.9899454765
153.5;-238.7561200349;297.6707029722;0.3132673098;-239.2464802191;296.8137190573;0.3122998758;0.4903601842;0.8569839149;0.0009674341;0.987357826
154;-238.6728530913;297.7192888327;0.3098486622;-239.248679718;296.8135117573;0.3094518474;0.5758266267;0.9057770754;0.0003968148;1.0733166223
154.5;-238.593325599;297.7592307187;0.3077348195;-239.2508103415;296.8133100163;0.3067452861;0.6574847425;0.9459207024;0.0009895334;1.1519779256
155;-238.5382537476;297.8065399032;0.3045192584;-239.2528738861;296.813111657;0.304178698;0.7146201386;0.9934282462;0.0003405604;1.2237572222
155.5;-238.5740380501;297.8056111232;0.3027629086;-239.2548721523;296.8129146593;0.3017484274;0.6808341023;0.9926964639;0.0010144812;1.2037368373
156;-238.5727068884;297.7217616144;0.2998224322;-239.2568069304;296.8127171657;0.2994494584;0.684100042;0.9090444487;0.0003729738;1.1376971549
156.5;-238.5643500426;297.7578670316;0.2971930797;-239.2586799822;296.8125174849;0.2972759791;0.6943299396;0.9453495467;8.28993868963734E-05;1.1729364166
157;-238.6550599276;297.7447267405;0.2955970202;-239.2604930261;296.8123140927;0.2952217682;0.6054330985;0.9324126478;0.0003752519;1.1117296089
157.5;-238.6625973938;297.7836751713;0.2931485023;-239.2622477281;296.8121056296;0.2932804617;0.5996503343;0.9715695417;0.0001319594;1.1417214701
158;-238.7381608791;297.77669128;0.2918118288;-239.2639456988;296.8118908937;0.2914457474;0.5257848197;0.9648003863;0.0003660814;1.0987673075
158.5;-238.7001654427;297.8866156739;0.2894671726;-239.2655884964;296.8116688306;0.2897115252;0.5654230537;1.0749468433;0.0002443526;1.2145838815
159;-238.7170143916;297.8660675982;0.288258647;-239.2671776329;296.8114385176;0.2880720435;0.5501632413;1.0546290806;0.0001866034;1.1895049914
159.5;-238.5992292133;297.9171271669;0.2862981128;-239.2687145941;296.8111991349;0.2865219125;0.6694853808;1.1059280321;0.0002237997;1.2927828655
160;-238.5810654903;297.8806605901;0.285440039;-239.2702010253;296.8109498603;0.2850545283;0.6891355351;1.0697107298;0.0003855107;1.2724735674
160.5;-238.6070908534;297.8483629403;0.2837158017;-239.2716370263;296.8106900739;0.2836860588;0.6645461728;1.0376728664;2.97428727141225E-05;1.2322283045
161;-238.5747674694;297.9222427363;0.2826365979;-239.2730240483;296.8104182801;0.2825456969;0.6982565789;1.1118244562;9.09009123752358E-05;1.3129036064
161.5;-238.5673721107;297.8579302835;0.2818286394;-239.2743635544;296.8101339478;0.28172132;0.7069914437;1.0477963357;0.0001073194;1.2640071496
162;-238.539870317;297.8210382636;0.2811430559;-239.2756611236;296.8098368737;0.2810535428;0.7357908066;1.0112013899;0.000089513;1.2505664197
162.5;-238.580150213;297.7707958025;0.2803359594;-239.2769144505;296.8095295043;0.2803948265;0.6967642375;0.9612662983;5.88670518609225E-05;1.1872292543
163;-238.563263834;297.808570268;0.2797877117;-239.2781241299;296.8092129251;0.2796637358;0.7148602959;0.9993573429;0.0001239759;1.2287149209
163.5;-238.5767659764;297.7595314164;0.2792323742;-239.2792914927;296.808887753;0.2788308987;0.7025255163;0.9506436634;0.0004014755;1.1820599126
164;-238.4426407633;297.7417885094;0.2782638422;-239.2804179934;296.8085545001;0.277887961;0.8377772301;0.9332340093;0.0003758811;1.2541118549
164.5;-238.4548196626;297.7866387513;0.2767644084;-239.2815050504;296.8082136906;0.2768365408;0.8266853877;0.9784250607;7.21323618562142E-05;1.2809076216
165;-238.4980287424;297.6834811352;0.2758673547;-239.2825540039;296.8078658946;0.2756833892;0.7845252615;0.8756152406;0.0001839655;1.1756623535
165.5;-238.4847754338;297.7155012267;0.2744912006;-239.283566123;296.8075117297;0.2744379344;0.7987906892;0.907989497;5.32661443798932E-05;1.2093434147
166;-238.532079487;297.6515645072;0.2734711233;-239.2845426265;296.8071518518;0.2731108936;0.7524631395;0.8444126555;0.0003602297;1.1310321122
166.5;-238.4744095947;297.6199728111;0.2716466557;-239.285484703;296.806786945;0.2717134258;0.8110751082;0.8131858661;6.67700992748044E-05;1.1485269211
167;-238.4389794522;297.640556843;0.2704602704;-239.2863935224;296.8064177139;0.2702565922;0.8474140702;0.8341391291;0.0002036782;1.1890747388
167.5;-238.5019257696;297.6657401657;0.2686487005;-239.2872702404;296.8060448777;0.2687510082;0.7853444707;0.8596952881;0.0001023077;1.1644062592
168;-238.552714706;297.6190343765;0.2672721083;-239.2881159971;296.8056691666;0.2672066256;0.7354012911;0.8133652099;6.54827174112471E-05;1.0965299941
168.5;-238.6526455221;297.7220442132;0.2656094405;-239.2889319136;296.8052913192;0.2656326104;0.6362863915;0.9167528939;2.31698327969321E-05;1.1159284211
169;-238.5740969365;297.721596219;0.2644296282;-239.2897190877;296.8049120803;0.2640372893;0.7156221513;0.9166841387;0.0003923388;1.1629381013
169.5;-238.5399570817;297.6217625292;0.2624007416;-239.2904785899;296.8045321978;0.2624281482;0.7505215082;0.8172303314;2.74066175287024E-05;1.1095710655
170;-238.5140458597;297.6745310674;0.261198838;-239.2912114608;296.8041524212;0.2608118655;0.7771656011;0.8703786463;0.0003869724;1.1668528224
170.5;-238.5378603904;297.6072024457;0.2591617258;-239.2919187094;296.8037734977;0.2591943693;0.754058319;0.8034289479;3.26434687754618E-05;1.1018629787
171;-238.5986354117;297.6064915359;0.2576081732;-239.2926013122;296.8033961703;0.2575809069;0.6939659005;0.8030953656;2.72662460956696E-05;1.0613909921
171.5;-238.628813397;297.6612788683;0.2559035805;-239.2932602125;296.8030211739;0.2559761195;0.6644468155;0.8582576944;7.25389451892711E-05;1.0854012372
172;-238.6985336883;297.6311142019;0.2547425805;-239.2938963209;296.8026492328;0.2543841147;0.5953626327;0.8284649691;0.0003584658;1.0202014496
172.5;-238.6850069721;297.6174513378;0.2526441232;-239.2945105156;296.8022810576;0.2528085353;0.6095035435;0.8151702802;0.0001644121;1.0178394678
173;-238.6464698864;297.6780447147;0.2514484381;-239.2951036422;296.801917342;0.2512526191;0.6486337559;0.8761273727;0.000195819;1.0901031881
173.5;-238.6694312293;297.7120404284;0.2497352244;-239.2956765151;296.8015587605;0.2497192509;0.6262452857;0.9104816679;1.5973469750713E-05;1.105061096
174;-238.7335627791;297.7257842656;0.2485384512;-239.2962299171;296.8012059651;0.2482110057;0.562667138;0.9245783005;0.0003274455;1.0823305637
174.5;-238.8597994698;297.7175476615;0.2465148756;-239.296764601;296.8008595835;0.2467301834;0.4369651312;0.9166880779;0.0002153079;1.01550756
175;-238.8939469289;297.5753501556;0.2455814271;-239.2972812897;296.8005202163;0.2452788373;0.4033343608;0.7748299393;0.0003025898;0.8735216843
175.5;-238.8764332836;297.6100102189;0.2437432221;-239.2977806772;296.8001884347;0.2438587955;0.4213473935;0.8098217842;0.0001155734;0.9128772982
176;-238.860747142;297.6520601043;0.2427805905;-239.2982634291;296.7998647791;0.2424716779;0.4375162871;0.8521953252;0.0003089126;0.9579443977
176.5;-238.9405540655;297.5880944535;0.2409882768;-239.2987301839;296.7995497568;0.2411189101;0.3581761184;0.7885446967;0.0001306332;0.8660790308
177;-238.9983532579;297.6045050436;0.2401688451;-239.2991815538;296.7992438406;0.2398017331;0.3008282959;0.805261203;0.000367112;0.8596181731
177.5;-239.061408361;297.6067205616;0.2388272867;-239.2996181253;296.7989474674;0.2385212126;0.2382097643;0.8077730942;0.0003060741;0.8421646853
178;-239.002327692;297.4894952404;0.2376557206;-239.3000404604;296.798661037;0.2372782456;0.2977127684;0.6908342034;0.0003774751;0.7522532363
178.5;-238.9715654677;297.4977889558;0.236003306;-239.3004490978;296.798384911;0.2360735668;0.3288836301;0.6994040448;7.0260778526704E-05;0.7728715708
179;-238.9520470226;297.474273528;0.2351171889;-239.3008445533;296.7981194123;0.2349077546;0.3487975306;0.6761541158;0.0002094343;0.7608180791
179.5;-238.874956138;297.4683628496;0.2341943816;-239.3012273213;296.7978648239;0.2337812366;0.4262711834;0.6704980258;0.000413145;0.7945280958
180;-238.9077222489;297.4115155698;0.2328365042;-239.3015978756;296.7976213892;0.2326942945;0.3938756268;0.6138941806;0.0001422097;0.729386108
180.5;-238.8709396515;297.5274381579;0.2320803265;-239.3019566702;296.7973893112;0.2316470699;0.4310170187;0.7300488467;0.0004332566;0.8477895828
181;-238.9170497035;297.5465220747;0.2307942432;-239.3023041404;296.797168753;0.2306395687;0.385254437;0.7493533217;0.0001546745;0.8425861415
181.5;-238.9994507783;297.4939369618;0.2300222998;-239.3026407035;296.7969598373;0.2296716667;0.3031899252;0.6969771244;0.0003506331;0.760066685
182;-239.010684904;297.4764535999;0.2286522287;-239.3029667599;296.7967626473;0.2287431131;0.2922818558;0.6796909526;9.08844099973549E-05;0.739870585
182.5;-239.0059106082;297.4104536473;0.227737836;-239.3032826936;296.796577227;0.2278535351;0.2973720855;0.6138764203;0.0001156991;0.682110277
183;-238.9736786631;297.4308726172;0.2271420909;-239.3035888735;296.7964035815;0.2270024408;0.3299102104;0.6344690357;0.0001396501;0.7151165805
183.5;-239.0215537611;297.4177086609;0.2262950361;-239.3038856533;296.7962416786;0.2261892213;0.2823318922;0.6214669823;0.0001058148;0.6825924982
184;-239.0561021549;297.4380960529;0.2255497574;-239.3041733731;296.796091449;0.2254131521;0.2480712182;0.6420046039;0.0001366052;0.688265399
184.5;-238.9480705648;297.4429831441;0.2248095285;-239.3044523594;296.7959527877;0.2246733935;0.3563817946;0.6470303564;0.000136135;0.738685511
185;-238.9389116895;297.4079033069;0.2239899455;-239.3047229259;296.7958255556;0.22396899;0.3658112364;0.6120777512;2.09555297696618E-05;0.7130617328
185.5;-238.8906872669;297.4120911932;0.2234377066;-239.3049853742;296.7957095802;0.2232988697;0.4142981073;0.616381613;0.0001388369;0.7426770724
186;-238.8155490005;297.4663096673;0.2227952091;-239.3052399942;296.7956046574;0.2226618445;0.4896909937;0.6707050099;0.0001333646;0.8304471672
186.5;-238.7286163501;297.4850257153;0.2218872063;-239.3054870644;296.7955105534;0.2220566117;0.5768707144;0.6895151619;0.0001694054;0.8990055664
187;-238.7738181804;297.4183947677;0.2216126293;-239.3057267652;296.7954270256;0.2214818245;0.5319085848;0.6229677421;0.0001308048;0.8191553988
187.5;-238.7312252168;297.4124271949;0.2205862168;-239.3059594417;296.7953537656;0.2209359073;0.5747342249;0.6170734293;0.0003496905;0.8432669617
188;-239.1119839143;296.4337058283;0.2205701554;-239.3061853457;296.7952904591;0.2204172683;0.1942014314;0.3615846308;0.0001528871;0.4104359445
188.5;-239.006710728;296.4524751184;0.2198996331;-239.3064048307;296.795236744;0.2199241084;0.2996941027;0.3427616256;2.44753284818766E-05;0.4553043902
189;-239.0844599764;296.4773894053;0.2192477012;-239.3066180451;296.7951922816;0.2194548162;0.2221580687;0.3178028763;0.000207115;0.3877536829
189.5;-239.1548295985;296.5074380747;0.2189605514;-239.3068251629;296.7951567069;0.2190077078;0.1519955645;0.2877186322;4.71564218322007E-05;0.3253992397
190;-239.1536775385;296.4854847343;0.2187470442;-239.3070263772;296.795129632;0.2185810863;0.1533488387;0.3096448977;0.0001659579;0.3455370553
190.5;-239.1816527941;296.4535014747;0.2181789215;-239.3072218881;296.7951106512;0.2181732911;0.125569094;0.3416091766;5.6304318519218E-06;0.3639566278
191;-239.2142534456;296.4383389889;0.2177314699;-239.3074118942;296.7950993449;0.217782736;0.0931584486;0.356760356;5.12661714784091E-05;0.3687227288
191.5;-239.2460494819;296.5127064787;0.2173690839;-239.3075965869;296.7950952828;0.2174079376;0.061547105;0.2823888041;3.8853753755036E-05;0.2890181384
192;-239.1943780708;296.5841437795;0.2172163588;-239.3077761474;296.7950980272;0.2170475348;0.1133980766;0.2109542477;0.000168824;0.2395012462
192.5;-239.1523345024;296.5837837782;0.2167467986;-239.3079507463;296.7951071346;0.2167003014;0.155616244;0.2113233564;4.64971776451273E-05;0.2624385233
193;-239.09766174;296.5974232693;0.2163707652;-239.3081205447;296.7951221577;0.2163651514;0.2104588047;0.1976988884;5.61384182704017E-06;0.2887520718
193.5;-239.1271963545;296.6367545571;0.2162240329;-239.308285694;296.7951426473;0.21604114;0.1810893395;0.1583880902;0.0001828929;0.2405829783
194;-239.078960773;296.6916366847;0.2157778838;-239.308446338;296.7951681538;0.2157274596;0.229485565;0.1035314691;5.0424156007034E-05;0.251758599
194.5;-239.0758434165;296.6821017235;0.2155748686;-239.3086026127;296.7951982291;0.2154234325;0.2327591962;0.1130965055;0.0001514361;0.2587811545
195;-239.0167185689;296.7272349299;0.2161239839;-239.3082005167;296.7953545652;0.2166353203;0.2914819478;0.0681196353;0.0005113364;0.2993363862
195.5;-239.0396669738;296.7480385381;0.2195599583;-239.3065541607;296.7957921524;0.2195168421;0.2668871869;0.0477536143;4.31161360988364E-05;0.2711257643
196;-239.0241278571;296.7386965795;0.2236185387;-239.3047203449;296.7962821447;0.2245285888;0.2805924878;0.0575855652;0.0009100501;0.2864420879
196.5;-239.0782439526;296.7304105894;0.23239327;-239.3027565964;296.79681113;0.2320682777;0.2245126438;0.0664005406;0.0003249923;0.2341261725
197;-239.0772170256;296.7596225414;0.2392086339;-239.3007975454;296.7973510526;0.2407321438;0.2235805198;0.0377285112;0.0015235099;0.2267465776
197.5;-239.0747956051;296.6944700152;0.247412949;-239.2989028145;296.7978931825;0.2514100161;0.2241072095;0.1034231672;0.0039970671;0.2468529307
198;-239.067810121;296.7342266391;0.261791002;-239.2970501546;296.7984446327;0.2640063473;0.2292400336;0.0642179936;0.0022153453;0.2380753063
198.5;-239.0667118428;296.7348607828;0.2790305881;-239.2952314678;296.7990092725;0.2784609238;0.228519625;0.0641484897;0.0005696644;0.2373532647
199;-239.0498370466;296.7661209367;0.2918863272;-239.2934442443;296.7995900983;0.29471857;0.2436071977;0.0334691616;0.0028322428;0.2459119215
199.5;-239.1324089713;296.7011473397;0.3134295191;-239.291688057;296.800189445;0.3127269048;0.1592790857;0.0990421053;0.0007026143;0.1875624147
200;-239.0842758817;296.6204424392;0.3291379413;-239.2899632766;296.8008091763;0.332436069;0.2056873949;0.1803667371;0.0032981277;0.2735879053
200.5;-239.0914719591;296.5616724199;0.3456514091;-239.2882706385;296.8014508829;0.3537986242;0.1967986793;0.239778463;0.0081472151;0.3103059919
201;-239.0359631015;296.5373448019;0.3728787364;-239.2866110701;296.8021159341;0.3767694388;0.2506479687;0.2647711323;0.0038907024;0.3646138975
201.5;-239.0512514381;296.4918347378;0.4024754997;-239.2849855946;296.8028054468;0.4013733802;0.2337341564;0.310970709;0.0011021195;0.3890188329
202;-239.0171016498;296.4963316385;0.4233476355;-239.283395356;296.8035203872;0.4274916638;0.2662937062;0.3071887487;0.0041440282;0.4065641872
202.5;-239.0683802197;296.5477366622;0.4563992066;-239.2818415889;296.8042615464;0.4551082127;0.2134613692;0.2565248843;0.0012909939;0.333725095
203;-239.0996852057;296.5396827056;0.4795278398;-239.2803255929;296.8050295084;0.4841659038;0.1806403872;0.2653468027;0.0046380641;0.3210317536
203.5;-239.1562806314;296.5352416751;0.5157928277;-239.2788487187;296.8058246477;0.5146296124;0.1225680873;0.2705829726;0.0011632153;0.2970512315
204;-239.1252730339;296.5232278147;0.5412550874;-239.277412367;296.8066471468;0.5464655421;0.1521393331;0.2834193322;0.0052104548;0.3217142262
204.5;-239.0297727921;296.5085088803;0.5809180075;-239.276017986;296.8074970077;0.5796414127;0.2462451939;0.2989881274;0.0012765948;0.3873399354
205;-238.9731434715;296.5160649433;0.608413636;-239.2746670655;296.8083740576;0.6141264008;0.301523594;0.2923091143;0.0057127648;0.4199925377
205.5;-239.0238967876;296.4258444528;0.6368408165;-239.2733611287;296.8092779522;0.6498910598;0.2494643411;0.3834334994;0.0130502433;0.4576286866
206;-238.9294456016;296.3571575693;0.6808643067;-239.272101725;296.8102081787;0.6869072419;0.3426561234;0.4530506094;0.0060429352;0.5680709381
206.5;-238.9542333015;296.4477169834;0.7266564013;-239.270890423;296.8111640575;0.7250908535;0.3166571215;0.3634470741;0.0015655479;0.4820455987
207;-238.9172715843;296.499361738;0.7580611929;-239.2697287758;296.8121447148;0.7644077789;0.3524571915;0.3127829769;0.006346586;0.4712743804
207.5;-238.9071281938;296.5396198015;0.8063700994;-239.2686183012;296.813149099;0.8049076318;0.3614901074;0.2735292976;0.0014624676;0.4533161294
208;-238.839987159;296.6415866075;0.8398925323;-239.2675605351;296.814176032;0.8465671082;0.4275733761;0.1725894245;0.0066745759;0.4611405982
208.5;-238.7562210767;296.6056010213;0.8910398052;-239.2665570161;296.8152241986;0.8893717772;0.5103359394;0.2096231774;0.001668028;0.5517131771
209;-238.735213252;296.5857175268;0.9263471504;-239.2656092736;296.8162921504;0.9333948613;0.5303960216;0.2305746237;0.0070477109;0.5783893732
209.5;-238.7550388573;296.5539637302;0.9803728564;-239.2647188393;296.8173783014;0.9785374819;0.509679982;0.2634145712;0.0018353745;0.5737284105
210;-238.7139315885;296.5162598659;1.0173933643;-239.2638871728;296.8184808753;1.0247439254;0.5499555843;0.3022210095;0.0073505611;0.6275688919
210.5;-238.6281789071;296.5690369222;1.0739053023;-239.2631156378;296.819597925;1.0721185105;0.6349367307;0.2505610028;0.0017867918;0.6825896723
211;-238.5668533599;296.5602240235;1.1124008074;-239.2624055317;296.8207273385;1.1201756565;0.6955521718;0.260503315;0.0077748491;0.7427753692
211.5;-238.5881462698;296.5397197255;1.1513157114;-239.2617578245;296.8218667061;1.1691524528;0.6736115548;0.2821469806;0.0178367413;0.730532405
212;-238.5961773472;296.4910713579;1.2111538904;-239.2611734614;296.8230136266;1.2191405802;0.6649961142;0.3319422687;0.0079866898;0.7432827785
212.5;-238.6575033674;296.5479337973;1.2517530255;-239.2606533578;296.8241655892;1.2701240384;0.6031499904;0.2762317919;0.018371013;0.6636500643
213;-238.6393879023;296.4779902171;1.3136903159;-239.2601983393;296.8253199583;1.3220867595;0.620810437;0.3473297412;0.0083964436;0.7114169299
213.5;-238.600259392;296.5746090346;1.3558574201;-239.2598090773;296.8264739665;1.3750131491;0.6595496853;0.2518649319;0.0191557291;0.7062638836
214;-238.5804197177;296.6227039948;1.4200648215;-239.2594860723;296.8276247238;1.4288881165;0.6790663546;0.204920729;0.008823295;0.70936695
214.5;-238.5347717329;296.5930782903;1.4638107996;-239.2592296811;296.828769261;1.4838444899;0.7244579483;0.2356909707;0.0200336903;0.7620963858
215;-238.5661074307;296.6225175474;1.5307855153;-239.2590401192;296.8299044924;1.5397407162;0.6929326885;0.207386945;0.0089552009;0.7233569322
215.5;-238.5198796833;296.6169460555;1.5989734664;-239.2589173319;296.8310271924;1.596532468;0.7390376486;0.2140811369;0.0024409984;0.7694240299
216;-238.5515217149;296.5880519589;1.6450684208;-239.2588610489;296.8321341219;1.6544703744;0.707339334;0.2440821631;0.0094019536;0.7483270892
216.5;-238.5816554251;296.5599663591;1.715882505;-239.2588708832;296.8332219906;1.7134030537;0.6772154581;0.2732556315;0.0024794514;0.7302708844
217;-238.632361199;296.6169703975;1.7443030188;-239.2617715264;296.850431519;1.7531072024;0.6294103274;0.2334611215;0.0088041836;0.6713709624
217.5;-238.6301932522;296.6394056653;1.7552331238;-239.2751451008;296.9250299367;1.759809841;0.6449518486;0.2856242714;0.0045767172;0.7053829157
218;-238.5808871417;296.7398803111;1.7641623386;-239.2939187748;297.0269250031;1.7647130381;0.7130316331;0.287044692;0.0005506995;0.7686410529
218.5;-238.6203401681;296.9582832457;1.768567885;-239.3152558592;297.1396963892;1.7683437062;0.6949156911;0.1814131435;0.0002241789;0.7182051216
219;-238.6343948885;297.0216984645;1.7711571428;-239.3377451493;297.2561644554;1.7718107124;0.7033502609;0.2344659908;0.0006535696;0.7414015899
219.5;-238.6099133875;297.2606943557;1.7747798482;-239.3602573093;297.3707384754;1.7746878591;0.7503439218;0.1100441197;9.19891515498428E-05;0.7583704357
220;-238.6655923674;297.3797622198;1.7765273977;-239.3843458776;297.491207608;1.7767095476;0.7187535102;0.1114453883;0.0001821499;0.7273422276
220.5;-238.6918542596;297.5026844912;1.7788971509;-239.4080075032;297.6081890515;1.7787589142;0.7161532436;0.1055045603;0.0001382366;0.7238830704
221;-238.7151342285;297.6838095555;1.7807162332;-239.429713765;297.7145678377;1.7812386977;0.7145795365;0.0307582823;0.0005224645;0.715241399
221.5;-238.7312703871;297.8497427653;1.782963575;-239.4535094481;297.8294304092;1.7828842727;0.722239061;0.0203123562;7.9302263393588E-05;0.7225246427
222;-238.74042278;297.8705786418;1.7842636751;-239.4792413809;297.952174368;1.7843270464;0.7388186009;0.0815957262;6.33712868582936E-05;0.7433106966
222.5;-238.7515373697;298.0059351407;1.7861115685;-239.5049093791;298.0735862721;1.786015792;0.7533720094;0.0676511313;9.57764640294734E-05;0.7564033773
223;-238.7974326362;298.0919904813;1.7872164573;-239.5320267236;298.2006287275;1.7874749237;0.7345940874;0.1086382462;0.0002584665;0.7425838731
223.5;-238.875026261;298.2633664671;1.7892261158;-239.5600422189;298.3307569923;1.7890631441;0.6850159579;0.0673905252;0.0001629716;0.6883228691
224;-238.9266646043;298.4241620455;1.7905676674;-239.5887392962;298.4629326145;1.790776527;0.6620746919;0.0387705691;0.0002088596;0.6632089401
224.5;-238.9940233601;298.549913033;1.7927853872;-239.6180465888;298.5967467551;1.7926447954;0.6240232287;0.0468337221;0.0001405918;0.6257782413
225;-239.0070926046;298.7223401999;1.7942077508;-239.6479487764;298.7320269913;1.7946855207;0.6408561718;0.0096867913;0.0004777699;0.6409295555
225.5;-239.017362868;298.8300519144;1.7960857983;-239.6784532782;298.8686899292;1.7968917023;0.6610904102;0.0386380148;0.0008059039;0.6622190545
226;-239.0073951472;299.0595187961;1.7987046813;-239.7096190072;299.0068707684;1.7992413918;0.7022238599;0.0526480277;0.0005367105;0.7041948965
226.5;-238.999071451;299.147327664;1.8008942732;-239.7414696017;299.1465544145;1.8017190376;0.7423981506;0.0007732495;0.0008247645;0.7423990115
227;-238.968279272;299.2973586738;1.8040566987;-239.7739950147;299.2875870286;1.8043137901;0.8057157427;0.0097716452;0.0002570914;0.8057750364
227.5;-238.9252599548;299.4779466966;1.8069507717;-239.8072016649;299.4298921122;1.8070074497;0.8819417101;0.0480545844;0.000056678;0.8832499229
228;-238.8786754777;299.5086629357;1.809432233;-239.8411012192;299.5734235545;1.809785133;0.9624257414;0.0647606189;0.0003529;0.9646021823
228.5;-238.919524294;299.7091799389;1.8128036843;-239.8757062371;299.7181471559;1.8126325775;0.9561819431;0.008967217;0.0001711067;0.9562240055
229;-238.8971338204;299.8851612212;1.815181627;-239.9110286028;299.8640336711;1.81553803;1.0138947823;0.0211275501;0.000356403;1.0141149491
229.5;-239.0024189041;300.1008172579;1.8186691773;-239.9470790639;300.0110561594;1.8184922189;0.9446601598;0.0897610985;0.0001769584;0.9489151193
230;-239.0334379338;300.204742782;1.8208420262;-239.9838672246;300.1591889365;1.8214882349;0.9504292908;0.0455538456;0.0006462086;0.9515205763
230.5;-239.1705767948;300.3595999019;1.8247029066;-240.0214017052;300.3084071264;1.824521266;0.8508249104;0.0511927755;0.0001816405;0.8523636322
231;-239.1453163363;300.5028475087;1.827104597;-240.0596903528;300.4586864393;1.8275881911;0.9143740165;0.0441610693;0.0004835942;0.9154399358
231.5;-239.1434203031;300.7396250793;1.8308538832;-240.0987404458;300.610003042;1.8306871691;0.9553201427;0.1296220373;0.0001667141;0.9640738952
232;-239.1453975612;300.8397508475;1.8333775505;-240.1385588689;300.7623334692;1.8338172454;0.9931613078;0.0774173783;0.0004396949;0.9961741951
232.5;-239.1122812881;301.0673682884;1.8370319906;-240.1791522489;300.9156545614;1.8369780151;1.0668709608;0.1517137271;5.39754529722547E-05;1.0776041504
233;-239.1473712996;301.167678721;1.8397704869;-240.2205270494;301.0699434205;1.840169354;1.0731557498;0.0977353005;0.0003988672;1.0775971471
233.5;-239.3068188436;301.2657434513;1.843512927;-240.2626896305;301.2251773797;1.8433912222;0.9558707869;0.0405660715;0.0001217048;0.9567311965
234;-239.2969762799;301.4203199409;1.8461437633;-240.3056462782;301.3813339857;1.8466435333;1.0086699983;0.0389859552;0.0004997699;1.009423261
234.5;-239.388115593;301.6923293824;1.8499392492;-240.3494032117;301.5383909893;1.84992608;0.9612876188;0.1539383931;1.31691763283204E-05;0.9735352664
235;-239.3661505883;301.8047294016;1.852756189;-240.3939798252;301.6963720322;1.8532360413;1.0278292369;0.1083573695;0.0004798523;1.033525273
235.5;-239.3903884796;301.9879536798;1.8566430599;-240.4394593484;301.8555214172;1.8565489159;1.0490708688;0.1324322625;9.41439331239025E-05;1.0573968039
236;-239.3676513809;302.1110591629;1.859378243;-240.4858084568;302.0156861791;1.85988925;1.1181570759;0.0953729838;0.0005110071;1.122217231
236.5;-239.3814924528;302.3805154056;1.8632581063;-240.5330026956;302.1767438725;1.8632533097;1.1515102428;0.203771533;4.79663266639285E-06;1.1694009907
237;-239.4033763141;302.5664082204;1.8661093114;-240.5809872419;302.3384740355;1.8666587649;1.1776109278;0.2279341849;0.0005494535;1.199467295
237.5;-239.4422615019;302.6944660861;1.8687004127;-240.6297204224;302.5006986428;1.8701084658;1.1874589205;0.1937674433;0.0014080531;1.2031651976
238;-239.5641701266;302.8803646413;1.8730645031;-240.6766726714;302.6552397351;1.8737625389;1.1125025448;0.2251249062;0.0006980358;1.1350522556
238.5;-239.5525653215;303.0347936357;1.8787553332;-240.702056754;302.7387175414;1.8785304065;1.1494914326;0.2960760942;0.0002249267;1.1870095441
239;-239.5607908513;303.029465149;1.8829940703;-240.7085244557;302.7606242221;1.8839154222;1.1477336043;0.2688409269;0.0009213518;1.1787996943
239.5;-239.4569022826;303.0505764548;1.8907021281;-240.7049025416;302.7500515854;1.8903954788;1.248000259;0.3005248694;0.0003066493;1.2836743893
240;-239.380656498;303.0331307261;1.8966398702;-240.6977267434;302.7281183046;1.8981152174;1.3170702454;0.3050124215;0.0014753472;1.3519278032
240.5;-239.4121383882;303.0869821248;1.9078951042;-240.6907695064;302.7067358315;1.907434187;1.2786311182;0.3802462933;0.0004609172;1.3339733852
241;-239.410774175;303.1017750045;1.9166146815;-240.6856015799;302.6906828872;1.9187451567;1.2748274049;0.4110921173;0.0021304753;1.3394723514
241.5;-239.4594493472;303.0354409232;1.9329224589;-240.6824293169;302.6804608605;1.9323870836;1.2229799697;0.3549800626;0.0005353754;1.2734563745
242;-239.4322397727;303.0125645815;1.9458328981;-240.6808172106;302.6746722466;1.9487179347;1.2485774379;0.3378923349;0.0028850366;1.2934933984
242.5;-239.5194217105;302.9910122915;1.9693879772;-240.6801679089;302.6715344982;1.9683127892;1.1607461984;0.3194777933;0.001075188;1.203909861
243;-239.5148705914;302.9550586267;1.9884765629;-240.6799716455;302.6696129288;1.9929732064;1.1651010541;0.2854456979;0.0044966435;1.1995665603
243.5;-239.483355668;302.8969407663;2.0125174075;-240.6798951557;302.6680312664;2.0122617862;1.1965394877;0.2289094999;0.0002556213;1.2182390447
244;-239.4304111386;302.8655884568;2.0139683541;-240.6797642261;302.6663461409;2.0144777073;1.2493530875;0.1992423159;0.0005093532;1.265140663
244.5;-239.3662276143;302.8774845864;2.0181797918;-240.6795047119;302.664365085;2.0179839043;1.3132770976;0.2131195013;0.0001958875;1.3304573257
245;-239.3876466301;302.8690281756;2.0216558103;-240.6791315504;302.6621171073;2.0223337598;1.2914849203;0.2069110683;0.0006779495;1.3079548728
245.5;-239.3828515912;302.7805459454;2.0270752431;-240.6786937167;302.6597116326;2.0267670746;1.2958421255;0.1208343129;0.0003081685;1.30146373
246;-239.3593275898;302.8046218067;2.0297303747;-240.6782397242;302.6572567069;2.0301612637;1.3189121344;0.1473650998;0.000430889;1.3271193905
246.5;-239.2827364537;302.8991277933;2.031596323;-240.6778026457;302.6548249232;2.031560948;1.395066192;0.2443028701;3.53749406092341E-05;1.4162957225
247;-239.2871328442;302.9482041562;2.0312859943;-240.6773979613;302.6524503304;2.030983881;1.390265117;0.2957538257;0.0003021134;1.4213752187
247.5;-239.3554287468;302.9631954561;2.0290634236;-240.6770288171;302.6501414612;2.0289529783;1.3216000703;0.3130539948;0.0001104452;1.3581714036
248;-239.2851150855;303.0097775383;2.0265595325;-240.676692593;302.6478958492;2.0259483224;1.3915775074;0.3618816892;0.0006112101;1.4378618465
248.5;-239.3195289085;303.0030394929;2.0222486891;-240.676385197;302.6457089187;2.0223265878;1.3568562885;0.3573305742;7.7898755975081E-05;1.4031194293
249;-239.4019577006;303.0074724947;2.0189582368;-240.6761029678;302.6435776488;2.0183436806;1.2741452671;0.3638948459;0.0006145562;1.3250909396
249.5;-239.4294701705;302.9601206755;2.0140839636;-240.6758430789;302.6415011587;2.0141805866;1.2463729084;0.3186195168;0.000096623;1.2864539761
250;-239.4510354971;302.9744027471;2.0105988571;-240.6756032861;302.6394799948;2.009963146;1.224567789;0.3349227523;0.000635711;1.269543195
250.5;-239.4274034402;302.9025648283;2.0054753765;-240.6753815443;302.6375151896;2.0057768409;1.2479781041;0.2650496387;0.0003014643;1.27581376
251;-239.4435748864;302.9555450917;2.0024201138;-240.675175737;302.6356075705;2.0016780362;1.2316008505;0.3199375212;0.0007420777;1.2724783783
251.5;-239.4449382886;302.9356509851;1.9975642446;-240.674983567;302.6337574254;1.9977025602;1.2300452784;0.3018935596;0.0001383156;1.2665508783
252;-239.4395082406;302.9030042646;1.9943844514;-240.6748025727;302.6319644512;1.9938721395;1.2352943321;0.2710398134;0.0005123119;1.2646797737
252.5;-239.4185389908;302.8935565978;1.9902019843;-240.6746302081;302.6302278627;1.9901990627;1.2560912174;0.2633287351;2.92168091897693E-06;1.283396731
253;-239.4507581643;302.8246676646;1.9871402787;-240.6744639378;302.6285465557;1.9866894127;1.2237057735;0.196121109;0.000450866;1.2393221989
253.5;-239.4430420441;302.831292563;1.9831306137;-240.6743013174;302.6269192584;1.9833452025;1.2312592733;0.2043733045;0.0002145888;1.2481057214
254;-239.4117153611;302.790733952;1.9806392213;-240.674140049;302.6253446418;1.9801657244;1.2624246879;0.1653893102;0.0004734969;1.2732124492
254.5;-239.4541489795;302.8893344115;1.9767632672;-240.6739780119;302.6238213849;1.9771483801;1.2198290325;0.2655130266;0.0003851129;1.2483910381
255;-239.4629618084;302.8678532651;1.9747668487;-240.6738132745;302.6223482065;1.9742891939;1.2108514661;0.2455050586;0.0004776547;1.2354894718
255.5;-239.4920628058;302.8445334053;1.9713844751;-240.6736440948;302.620923873;1.9715831479;1.1815812889;0.2236095324;0.0001986728;1.2025537846
256;-239.4255211766;302.8501320498;1.9694718319;-240.673468914;302.6195471959;1.9690244257;1.2479477374;0.2305848539;0.0004474062;1.2690717593
256.5;-239.409515473;302.9010129022;1.9665047368;-240.6732863474;302.6182170246;1.9666066105;1.2637708744;0.2827958776;0.0001018737;1.2950252282
257;-239.4076770934;302.9451189713;1.9646920357;-240.6730951727;302.6169322398;1.964322854;1.2654180794;0.3281867315;0.0003691817;1.3072832833
257.5;-239.4665996012;302.8517296656;1.962075052;-240.6728943167;302.6156917471;1.9621660077;1.2062947155;0.2360379185;9.09556617592067E-05;1.2291707969
258;-239.5658261129;302.8341041591;1.9604781916;-240.6726828344;302.614494471;1.9601286408;1.1068567215;0.2196096881;0.0003495508;1.1284326915
258.5;-239.5433891261;302.8220478322;1.9581717229;-240.6724598708;302.6133393365;1.9582025549;1.1290707448;0.2087084957;0.000030832;1.1481985821
259;-239.5905235949;302.8026689452;1.9564514382;-240.6722244715;302.6122250175;1.9563722352;1.0817008766;0.1904439277;0.000079203;1.0983376905
259.5;-239.6240424687;302.8199775013;1.955191488;-240.6719759694;302.6111521414;1.9546659643;1.0479335007;0.2088253599;0.0005255238;1.0685377527
260;-239.5609745787;302.7973143714;1.9536316379;-240.671712668;302.6101194701;1.9532607896;1.1107380893;0.1871949013;0.0003708483;1.1264018695
260.5;-239.5951800452;302.8282919576;1.9521494927;-240.6714338097;302.6091243573;1.9522042835;1.0762537645;0.2191676003;5.47908184909129E-05;1.0983426631
261;-239.5902737702;302.8129188309;1.951427085;-240.6711402838;302.6081636591;1.9513437797;1.0808665136;0.2047551718;8.33052259352485E-05;1.1000895907
261.5;-239.5851751615;302.6929116278;1.9504160747;-240.6708347758;302.6072389617;1.9504965746;1.0856596142;0.0856726661;0.0000805;1.0890347149
262;-239.5687118632;302.69688733;1.9498559063;-240.6705183049;302.6063493679;1.9495814586;1.1018064417;0.0905379621;0.0002744477;1.1055200735
262.5;-239.4975627728;302.7336184553;1.9484665351;-240.6701915896;302.605493914;1.948569118;1.1726288168;0.1281245412;0.0001025829;1.1796076681
263;-239.4896834218;302.7349553855;1.9477091683;-240.6698552982;302.6046716915;1.9474513899;1.1801718764;0.130283694;0.0002577784;1.1873413853
263.5;-239.443915286;302.7594176351;1.9462065305;-240.6695101054;302.603881797;1.9462301123;1.2255948194;0.1555358381;2.35817753395651E-05;1.2354246472
264;-239.4375967059;302.7983384981;1.9453019273;-240.6691566992;302.6031232893;1.9449122312;1.2315599933;0.1952152088;0.0003896962;1.2469359032
264.5;-239.4218050659;302.7823778769;1.9434483721;-240.6687957787;302.6023951727;1.943507311;1.2469907129;0.1799827042;5.89388914729039E-05;1.2599125427
265;-239.3350089222;302.7387000481;1.9422958422;-240.6684280536;302.6016964016;1.9420261207;1.3334191314;0.1370036465;0.0002697215;1.3404389773
265.5;-239.344492183;302.777170853;1.9403314183;-240.6680542457;302.6010258955;1.9404797724;1.3235620628;0.1761449574;0.0001483541;1.3352316661
266;-239.2910251749;302.7710448485;1.9390156348;-240.6676750914;302.6003825574;1.9388791776;1.3766499165;0.1706622911;0.0001364572;1.3871880293
266.5;-239.1991362877;302.8060675381;1.9371177778;-240.6672913426;302.5997652895;1.9372347076;1.4681550549;0.2063022486;0.0001169297;1.4825787995
267;-239.1864368721;302.7544893384;1.9358228525;-240.6669037673;302.599173006;1.9355559946;1.4804668953;0.1553163324;0.0002668579;1.4885917715
267.5;-239.1874690399;302.7245585237;1.9337881287;-240.6665131481;302.5986046416;1.9338518328;1.4790441081;0.1259538821;6.37041393476423E-05;1.4843974731
268;-239.2053502882;302.7075706972;1.9325119928;-240.6661202796;302.5980591564;1.93213015;1.4607699914;0.1095115408;0.0003818428;1.4648692403
268.5;-239.162080078;302.6746956434;1.9310611657;-240.6657259658;302.5975355394;1.9303980299;1.5036458878;0.0771601039;0.0006631358;1.5056244808
269;-239.2407684236;302.7214710213;1.9289182406;-240.6653310163;302.5970328104;1.9286617656;1.4245625928;0.1244382109;0.0002564751;1.4299872429
269.5;-239.2074620856;302.762186861;1.9276691593;-240.6649362428;302.5965500205;1.9269269317;1.4574741572;0.1656368404;0.0007422275;1.4668561732
270;-239.2238125178;302.7194041689;1.925569037;-240.6645424549;302.596086253;1.9251984653;1.4407299371;0.1233179158;0.0003705717;1.4459979935
270.5;-239.2734497343;302.7620872865;1.9234025338;-240.6641504568;302.5956406235;1.9234807458;1.3907007224;0.166446663;0.000078212;1.4006259305
271;-239.2639545565;302.7818988313;1.9221140136;-240.6637610433;302.5952122797;1.9217776711;1.3998064868;0.1866865516;0.0003363425;1.4122004752
271.5;-239.2214582962;302.7987461596;1.9207472234;-240.6633749965;302.5948004015;1.9200927256;1.4419167004;0.2039457581;0.0006544978;1.4562685437
272;-239.1485300439;302.8284065977;1.9185802979;-240.6629930822;302.594404201;1.9184290378;1.5144630383;0.2340023966;0.0001512601;1.5324344811
272.5;-239.201512771;302.8188821978;1.9167282693;-240.6626160464;302.5940229218;1.9167894285;1.4611032754;0.224859276;6.11592149448725E-05;1.4783045962
273;-239.1923691444;302.7892177341;1.9154170567;-240.6622446128;302.5936558387;1.9151764496;1.4698754684;0.1955618954;0.000240607;1.4828278408
273.5;-239.2145125284;302.637417312;1.9135143848;-240.6618794791;302.5933022574;1.9135924135;1.4473669507;0.0441150545;7.80286825574628E-05;1.4480390997
274;-239.1545841965;302.6355313295;1.9123485208;-240.6615213152;302.592961514;1.912039416;1.5069371187;0.0425698155;0.0003091048;1.5075383128
274.5;-239.1965649324;302.6428741433;1.910456611;-240.6611707598;302.5926329743;1.9105193529;1.4646058274;0.0502411691;6.27419195957657E-05;1.4654673005
275;-239.1581754519;302.5937115236;1.9091757154;-240.6608284189;302.5923160329;1.9090339324;1.502652967;0.0013954907;0.000141783;1.5026536217
275.5;-239.1718439753;302.6296683383;1.9079776638;-240.6604948632;302.5920101132;1.907584684;1.4886508879;0.0376582251;0.0003929798;1.4891271814
276;-239.1000772307;302.6053620889;1.9064919264;-240.6601706264;302.5917146661;1.9061729647;1.5600933957;0.0136474228;0.0003189617;1.5601531198
276.5;-239.124825607;302.6239309272;1.9052344449;-240.6598562038;302.5914291694;1.9047999646;1.5350305968;0.0325017578;0.0004344804;1.5353747055
277;-239.1533665908;302.6397142806;1.9036485483;-240.6595520788;302.5911532074;1.9034666434;1.506185488;0.0485610732;0.0001819049;1.5069681268
277.5;-239.0848967286;302.634326489;1.9020411726;-240.6592586465;302.5908862541;1.9021740649;1.5743619179;0.0434402349;0.0001328923;1.574961117
278;-239.1121987332;302.6917343094;1.9011518389;-240.6589762305;302.5906277234;1.9009228908;1.5467774973;0.101106586;0.0002289481;1.5500784562
278.5;-239.0797542721;302.675826416;1.9000983459;-240.6587051839;302.590377261;1.8997135732;1.5789509118;0.0854491551;0.0003847727;1.5812614231
279;-239.1083039625;302.6581585274;1.8986436027;-240.6584458067;302.5901345074;1.8985464969;1.5501418443;0.0680240201;9.710573698829E-05;1.5516336597
279.5;-239.1152723999;302.6658067388;1.8973054743;-240.6581983473;302.5898991017;1.8974219399;1.5429259475;0.0759076371;0.0001164656;1.544792045
280;-239.0977183282;302.6295134168;1.8965840284;-240.6579630052;302.5896706889;1.8963400499;1.560244677;0.0398427279;0.0002439785;1.5607533292
280.5;-239.0677582837;302.530322435;1.8952996528;-240.6577399337;302.589448927;1.8953008329;1.58998165;0.059126492;1.18012460248451E-06;1.5910806357
281;-239.1295094176;302.5428649036;1.894390479;-240.6575292419;302.5892334908;1.8943041491;1.5280198243;0.0463685872;0.00008633;1.5287232047
281.5;-239.1663751005;302.603567536;1.8935558361;-240.6573309962;302.5890240741;1.8933497129;1.4909558956;0.0145434619;0.0002061233;1.49102684
282;-239.1457489217;302.6094417237;1.8925205762;-240.657145221;302.5888203894;1.8924370924;1.5113962993;0.0206213343;8.34837266876498E-05;1.5115369727
282.5;-239.1896885841;302.6217094153;1.891543624;-240.6569718997;302.5886221674;1.891565707;1.4672833157;0.0330872479;2.2083087506175E-05;1.4676563272
283;-239.1113195017;302.5467932123;1.8906733912;-240.6568110045;302.5884292425;1.8907348417;1.5454915027;0.0416360302;6.14504997333842E-05;1.5460522461
283.5;-239.170962541;302.6477773489;1.8901608421;-240.6566623955;302.5882412463;1.8899436154;1.4856998544;0.0595361026;0.0002172266;1.4868922799
284;-239.1331780081;302.6435119003;1.889235342;-240.6565259329;302.58805794;1.8891908954;1.5233479248;0.0554539603;4.4446655602659E-05;1.5243569279
284.5;-239.1628424704;302.6135772699;1.8884938953;-240.6564014594;302.5878791559;1.888475431;1.4935589889;0.0256981139;1.84642650411515E-05;1.493780053
285;-239.2409592105;302.5825084223;1.8877571501;-240.6562887763;302.5877047208;1.8877957958;1.4153295658;0.0051962985;3.86456526522139E-05;1.4153391052
285.5;-239.2105862057;302.5301555402;1.8873723832;-240.656187647;302.58753446;1.887150383;1.4456014413;0.0573789198;0.0002220002;1.4467397544
286;-239.286162585;302.5682423084;1.8866501813;-240.6560978008;302.5873682024;1.8865374159;1.3699352159;0.019125894;0.0001127654;1.3700687239
286.5;-239.1537716989;302.6165729131;1.8860165925;-240.6560189364;302.5872057849;1.8859549717;1.5022472375;0.0293671283;6.16208311918776E-05;1.5025342574
287;-239.197046886;302.6422160688;1.8852368933;-240.6559507248;302.5870470544;1.8854010179;1.4589038388;0.0551690144;0.0001641246;1.4599465942
287.5;-239.2721572665;302.6784554685;1.884632172;-240.6558928123;302.5868918695;1.8848734579;1.3837355458;0.091563599;0.0002412858;1.3867616996
288;-239.2535276572;302.6976361711;1.8844263948;-240.6558448228;302.5867400995;1.8843701802;1.4023171656;0.1108960716;5.62145178728546E-05;1.4066951961
288.5;-239.1731124721;302.6712510778;1.8839123809;-240.6558063597;302.5865916244;1.8838891085;1.4826938877;0.0846594534;2.32723846775862E-05;1.4851088809
289;-239.183604763;302.578848027;1.8835994831;-240.6557770087;302.5864463343;1.8834282467;1.4721722457;0.0075983073;0.0001712364;1.4721918641
289.5;-240.5325731693;302.2194499524;1.8831021058;-240.6557563395;302.5863041281;1.8829857178;0.1231831702;0.3668541757;0.0001163879;0.3869833242
290;-240.5751044591;302.2091449523;1.8826858314;-240.6557439082;302.5861649136;1.8825597941;0.0806394491;0.3770199612;0.0001260374;0.3855473872
290.5;-240.5475253279;302.2161126342;1.8821055285;-240.6557392596;302.5860286064;1.8821489169;0.1082139317;0.3699159723;4.33883742807506E-05;0.3854193605
291;-240.5797401597;302.1895515856;1.8817253134;-240.6557419294;302.5858951301;1.8817517088;0.0760017698;0.3963435445;2.63953348789148E-05;0.4035647098
291.5;-240.5513928518;302.1091617236;1.8814263924;-240.6557514463;302.5857644153;1.8813669765;0.1043585945;0.4766026918;5.94159194211574E-05;0.4878942976
292;-240.5995194413;302.1365546273;1.8810729712;-240.655767334;302.5856363997;1.880993708;0.0562478927;0.4490817723;7.9263143553332E-05;0.4525906207
292.5;-240.6001954152;302.1353408608;1.8808455041;-240.6557891134;302.585511027;1.8806310646;0.0555936982;0.4501701662;0.0002144396;0.4535899953
293;-240.6473379976;302.0675101153;1.8801188677;-240.6558163044;302.5853882475;1.8802783684;0.0084783069;0.5178781322;0.0001595007;0.5179475523
293.5;-240.6506824693;302.1671300159;1.8798124311;-240.6558484283;302.5852680166;1.8799350888;0.005165959;0.4181380007;0.0001226577;0.4181699293
294;-240.640093484;302.1620501743;1.8797425159;-240.6558850086;302.5851502949;1.8796008262;0.0157915246;0.4231001206;0.0001416897;0.4233947383
294.5;-240.5382169191;302.2271127511;1.8792912466;-240.6559255739;302.5850350479;1.8792752961;0.1177086548;0.3579222967;1.5950510676932E-05;0.376780703
295;-240.5631516125;302.1712575998;1.8790356792;-240.6559696587;302.5849222449;1.8789583124;0.0928180462;0.4136646451;7.73668125932936E-05;0.4239500375
295.5;-240.5389750093;302.1542558143;1.8785430445;-240.6560168053;302.5848118593;1.878649772;0.117041796;0.430556045;0.0001067275;0.4461807944
296;-240.6074408623;302.207934611;1.8786381503;-240.6560665651;302.5847038676;1.8783496387;0.0486257028;0.3767692565;0.0002885117;0.3798942154
296.5;-240.4310018336;302.2299328656;1.878167806;-240.6561185004;302.5845982493;1.8780579293;0.2251166668;0.3546653837;0.0001098767;0.4200774454
297;-240.4605150644;302.2502448489;1.8779855743;-240.6561721852;302.5844949865;1.8777746999;0.1956571207;0.3342501375;0.0002108745;0.3873046705
297.5;-240.3829478707;302.2504923474;1.8775173812;-240.6562272065;302.5843940632;1.8775000325;0.2732793358;0.3339017157;1.73487271064587E-05;0.4314764784
298;-240.4032714676;302.2770316533;1.8771407237;-240.6562831656;302.5842954653;1.8772340235;0.253011698;0.3072638121;9.32997508309441E-05;0.3980276099
