time,x,y,yaw,x_gt,y_gt,yaw_gt,error_x,error_y,error_yaw,RMS
0.0,0.0,0.0,0.0,0.0,0.0,0.0,0.0,0.0,0.0,0.0
0.5,0.0,0.0,0.0,-249.99999998844302,299.99999998228492,-1.0000000245099736,249.99999998844302,299.99999998228492,1.0000000245099736,390.5137641410882
1.0,0.0,0.0,0.0,-249.99999998558837,300.00000002830143,-1.0000006605520737,249.99999998558837,300.00000002830143,1.0000006605520737,390.5137641762402
1.5,-249.99999975807435,300.00000002091298,-0.99991485113507761,-250.00000014549977,300.00000033257396,-1.0000003945902305,3.8742541619285475e-07,3.1166098324320046e-07,8.5543455152881087e-05,8.554490020167519e-05
2.0,-249.99999975807435,300.00000002091298,-0.99991485113507761,-250.00000052107629,300.00000083915336,-0.99999937616477863,7.630019354110118e-07,8.182403803402849e-07,8.4525029701021381e-05,8.453243362894508e-05
2.5,-250.00000088908249,300.00000078293345,-1.0000040058291366,-250.00000109314627,300.00000138733913,-0.99999864051638876,2.040637809841428e-07,6.0440567040132009e-07,5.3653127478625606e-06,5.403103656556971e-06
3.0,-250.00000088908249,300.00000078293345,-1.0000040058291366,-250.00000182044113,300.00000178620621,-0.99999836709298373,9.313586417647457e-07,1.0032727573161537e-06,5.6387361528908997e-06,5.802527944532581e-06
3.5,-250.00000345363841,300.00000094534084,-1.000150653617627,-250.00000267686281,300.00000187201164,-0.99999916464636418,7.7677560739175533e-07,9.2667079343300429e-07,0.00015148897126282534,0.00015149379694684784
4.0,-250.00000345363841,300.00000094534084,-1.000150653617627,-250.00000365789981,300.00000151948177,-1.0000010241792872,2.0426139712981239e-07,5.7414092680119211e-07,0.00014962943833984887,0.00014963067926872757
4.5,-250.00000726867398,299.99999941844993,-1.0001307757834776,-250.00000478002008,300.00000064282887,-1.0000030768115111,2.4886539051749423e-06,1.224378934239212e-06,0.00012769897196651669,0.0001277290880862287
5.0,-250.00000726867398,299.99999941844993,-1.0001307757834776,-250.00000607789613,299.99999919329656,-1.0000054276894825,1.1907778514341771e-06,2.251533715025289e-07,0.0001253480939951146,0.000125353952128125
5.5,-250.00001233068093,299.99999570775333,-0.99984088182051678,-250.00000759417807,299.9999971445543,-1.0000080260309612,4.7365028592594172e-06,1.436800971532648e-06,0.00016714421044439209,0.00016721748096848847
6.0,-250.00001233068093,299.99999570775333,-0.99984088182051678,-250.00000937387148,299.99999448494924,-1.000010826703855,2.9568094532805844e-06,1.2228040873196733e-06,0.00016994488333821334,0.0001699750021174229
6.5,-250.00001872924318,299.99998968041871,-1.0000155597824938,-250.00001146056545,299.99999121228103,-1.0000137928153139,7.2686777343733411e-06,1.5318623241000751e-06,1.7669671799058762e-06,7.635604180484775e-06
7.0,-250.00001872924318,299.99998968041871,-1.0000155597824938,-250.00001389440416,299.99998733101705,-1.0000168926016759,4.8348390180308343e-06,2.3494016545555496e-06,1.3328191821315727e-06,5.538209407106199e-06
7.5,-250.00002652967532,299.99998133630567,-0.99995240106087868,-250.00001671121291,299.99998285108694,-1.0000200970863609,9.818462416433249e-06,1.5147812746363343e-06,6.7696025482177902e-05,6.842111247719217e-05
8.0,-250.00002652967532,299.99998133630567,-0.99995240106087868,-250.00001994224729,299.99997778746376,-1.00002337866965,6.5874280323896528e-06,3.5488419030116347e-06,7.0977608771283229e-05,7.137092849209562e-05
8.5,-250.00003575523073,299.99997074716697,-1.0001096061600587,-250.00002361419752,299.99997215999895,-1.0000267104783662,1.2141033209900343e-05,1.4128319776318676e-06,8.2895681692507495e-05,8.379197351098997e-05
9.0,-250.00003575523073,299.99997074716697,-1.0001096061600587,-250.00002774925048,299.99996599322151,-1.0000300662045722,8.0059802485266118e-06,4.7539454612888221e-06,7.953995548648507e-05,8.008308333212909e-05
9.5,-250.00004638769343,299.99995803991192,-1.0000043091637474,-250.00003236513021,299.99995931600461,-1.000033420190199,1.402256322080575e-05,1.2760926892951829e-06,2.9111026451644761e-05,3.233747907462064e-05
10.0,-250.00004638769343,299.99995803991192,-1.0000043091637474,-250.00003747510704,299.99995216110102,-1.0000367475906911,8.9125863951267092e-06,5.8788108958651719e-06,3.2438426943670606e-05,3.415034635812345e-05
10.5,-250.00005838683336,299.99994340162147,-1.0001622411290803,-250.0000430879972,299.99994456459353,-1.000040024526363,1.5298836160582141e-05,1.1629720688688394e-06,0.0001222166027172733,0.0001231759102732881
11.0,-250.00005838683336,299.99994340162147,-1.0001622411290803,-250.00004920817531,299.99993656531552,-1.0000432281869298,9.1786580469488399e-06,6.8363059426701511e-06,0.00011901294215044267,0.00011956196402614511
11.5,-250.00007167868623,299.99992705678005,-0.99997117780920308,-250.00005583561983,299.99992820427656,-1.0000463368875894,1.584306639301758e-05,1.1474965049274033e-06,7.5159078386288769e-05,7.681931114530177e-05
12.0,-250.00007167868623,299.99992705678005,-0.99997117780920308,-250.0000629659967,299.99991952411744,-1.0000493300888726,8.712689520962158e-06,7.5326626074456726e-06,7.8152279669563285e-05,7.899639727352083e-05
12.5,-250.00008617372251,299.99990926911721,-1.0000402295347806,-250.0000705907853,299.9999105686079,-1.0000521883950404,1.5582937209046577e-05,1.2994906910535065e-06,1.1958860259841941e-05,1.968580571964607e-05
13.0,-250.00008617372251,299.99990926911721,-1.0000402295347806,-250.00007869744101,299.99990138218539,-1.0000548935433509,7.4762814961104596e-06,7.8869318258512067e-06,1.4664008570308695e-05,1.8251893764341147e-05
13.5,-250.00010175102165,299.99989031664091,-0.99994348321030901,-250.00008726958961,299.99989200953416,-1.0000574283916779,1.4481432032198427e-05,1.692893249582994e-06,0.00011394518136886855,0.00011487420127444637
14.0,-250.00010175102165,299.99989031664091,-0.99994348321030901,-250.00009628724669,299.99988249520504,-1.0000597769082458,5.4637749542507663e-06,7.821435872301663e-06,0.00011629369793675348,0.00011668441145097355
14.5,-250.00011827347504,299.99987049331349,-1.00006193518082,-250.00010572705833,299.99987288326781,-1.0000619241649453,1.2546416712666542e-05,2.3899543180050387e-06,1.1015874656905567e-08,1.2772023149036477e-05
15.0,-250.00011827347504,299.99987049331349,-1.00006193518082,-250.00011556255691,299.99986321699669,-1.0000638563341959,2.7109181246487424e-06,7.2763168077472073e-06,1.9211533759388999e-06,7.999043296490837e-06
15.5,-250.0001355794472,299.9998500924986,-1.0002198821066104,-250.00012576442933,299.99985353858978,-1.0000655606883404,9.8150178757805406e-06,3.4460911706446495e-06,0.00015432141826998702,0.0001546716207231261
16.0,-250.0001355794472,299.9998500924986,-1.0002198821066104,-250.00013630079482,299.99984388891619,-1.0000670256014408,7.2134761808229086e-07,6.2035824157646857e-06,0.00015285650516960736,0.00015298403821916028
16.5,-250.0001534788403,299.99982939430276,-0.99996280746109079,-250.00014713748908,299.99983430729498,-1.00006824055235,6.3413512236820679e-06,4.9129922103929857e-06,0.00010543309125921052,0.0001057378218059862
17.0,-250.0001534788403,299.99982939430276,-0.99996280746109079,-250.00015823835278,299.99982483130293,-1.0000691961290262,4.7595124783583742e-06,4.56299983397912e-06,0.00010638866793544199,0.00010659278864723583
17.5,-250.00017178332789,299.99980868309945,-1.0001600288105086,-250.00016956550249,299.99981549671946,-1.0000698839810203,2.2178253971105732e-06,6.813620018419897e-06,9.0144829488325584e-05,9.042916814129596e-05
18.0,-250.00017178332789,299.99980868309945,-1.0001600288105086,-250.00018107964789,299.99980633718616,-1.0000702974454168,9.2963200017948111e-06,2.3459132876268995e-06,8.9731365091827442e-05,9.02421340393259e-05
18.5,-250.00019027728069,299.99978821487139,-1.0001036945442687,-250.0001927403508,299.99979738378522,-1.0000704297531058,2.4630701034311642e-06,9.1689138344008825e-06,3.3264791162945784e-05,3.459309217678408e-05
19.0,-250.00019027728069,299.99978821487139,-1.0001036945442687,-250.00020450640957,299.99978866589134,-1.0000702760793727,1.4229128879605923e-05,4.5101995738150435e-07,3.3418464896017852e-05,3.632444526322142e-05
19.5,-250.00020873884955,299.99976822741837,-0.99994378942401507,-250.00021633607457,299.99978021052988,-1.0000698326924942,7.5972250215272652e-06,1.1983111505742272e-05,0.00012604326847909242,0.00012683934057806885
20.0,-250.00020873884955,299.99976822741837,-0.99994378942401507,-250.00022818729181,299.99977204232067,-1.0000690969778983,1.9448442259317744e-05,3.8149022998368309e-06,0.00012530755388318049,0.0001268651979309436
20.5,-250.00022694958838,299.99974894407012,-1.0000535783610833,-250.00024001797053,299.99976418347279,-1.0000680674439235,1.3068382145320356e-05,1.523940267134094e-05,1.4489082840185574e-05,2.4757938670760966e-05
21.0,-250.00022694958838,299.99974894407012,-1.0000535783610833,-250.0002517862512,299.9997566538002,-1.0000667437104502,2.4836662817051547e-05,7.709730084570765e-06,1.3165349366905943e-05,2.914834784027282e-05
21.5,-250.00024468176585,299.99973055495639,-1.0000246141864593,-250.00026345076125,299.99974947075077,-1.0000651264998668,1.8768995403206645e-05,1.8915794385065965e-05,4.0512313407514711e-05,4.849051457029902e-05
22.0,-250.00024468176585,299.99973055495639,-1.0000246141864593,-250.00027497085603,299.99974264944439,-1.000063217625679,3.0289090176438549e-05,1.2094487999547709e-05,3.8603439219686564e-05,5.053643382032081e-05
22.5,-250.00026171239202,299.9997132246736,-0.99990009298140303,-250.00028630684554,299.99973620271891,-1.0000610199745499,2.4594453520876414e-05,2.2978045308263972e-05,0.00016092699314684822,0.0001644091689458496
23.0,-250.00026171239202,299.9997132246736,-0.99990009298140303,-250.00029742020516,299.99973014118717,-1.0000585374788116,3.5707813140106737e-05,1.6916513573050906e-05,0.00015844449740853861,0.00016329689252940607
23.5,-250.00027783191013,299.99969709610218,-0.99998881308768461,-250.00030827377446,299.9997244733031,-1.0000557750779491,3.0441864339536551e-05,2.7377200922273914e-05,6.6961990264458038e-05,7.848647256045258e-05
24.0,-250.00027783191013,299.99969709610218,-0.99998881308768461,-250.00031883193881,299.99971920543697,-1.000052738667955,4.1000028687676604e-05,2.2109334793185553e-05,6.3925580270352e-05,7.909680682738518e-05
24.5,-250.00029283770129,299.99968227978178,-0.9999804079683684,-250.00032906079949,299.99971434196249,-1.0000494350375835,3.6223098192067482e-05,3.2062180707725929e-05,6.9027069215077397e-05,8.429016881457837e-05
25.0,-250.00029283770129,299.99968227978178,-0.9999804079683684,-250.00033892832724,299.99970988534642,-1.0000458717908871,4.6090625943406849e-05,2.7605564639543445e-05,6.5463822518707637e-05,8.46872189747893e-05
25.5,-250.00030654697727,299.99966886315576,-1.0001074988717245,-250.00034840450155,299.99970583624849,-1.000042057255762,4.185752428043088e-05,3.6973092733205704e-05,6.5441615962447131e-05,8.603294151033953e-05
26.0,-250.00030654697727,299.99966886315576,-1.0001074988717245,-250.00035746143433,299.99970219362268,-1.0000380003811582,5.0914457062845031e-05,3.3330466919778701e-05,6.9498490566255455e-05,9.237554954685061e-05
26.5,-250.00031879242357,299.99965690333499,-1.0000409357042883,-250.00036607347772,299.99969895482366,-1.0000337106313837,4.7281054150971613e-05,4.2051488662764314e-05,7.2250729046263729e-06,6.368694888953993e-05
27.0,-250.00031879242357,299.99965690333499,-1.0000409357042883,-250.00037421731628,299.99969611571282,-1.00002919790383,5.5424892707378604e-05,3.9212377828334866e-05,1.1737800458266889e-05,6.890069133306724e-05
27.5,-250.00032943198596,299.99964643503824,-0.99989115384766836,-250.00038187204211,299.99969367076517,-1.0000244725428586,5.2440056151681347e-05,4.7235726924554911e-05,0.00013331869519028761,0.00015084776390296087
28.0,-250.00032943198596,299.99964643503824,-0.99989115384766836,-250.00038901921175,299.99969161316761,-1.0000195456674248,5.9587225791801757e-05,4.5178129369105591e-05,0.00012839181975643488,0.00014858048401867477
28.5,-250.00033835476671,299.99963747525817,-1.0001972582944409,-250.00039564287835,299.9996899349004,-1.0000144305416887,5.7288111634079542e-05,5.2459642233770865e-05,0.00018282775275224594,0.00019864523395825626
29.0,-250.00033835476671,299.99963747525817,-1.0001972582944409,-250.00040172955912,299.99968862673654,-1.0000091481048994,6.3374792404147229e-05,5.1151478373867576e-05,0.00018811018954156822,0.00020498361266566096
29.5,-250.00034546795206,299.9996300091924,-0.99998270044405735,-250.00040726739348,299.9996876769834,-1.0000037629665928,6.1799441425591795e-05,5.7667790997584234e-05,2.1062522535419959e-05,8.711127903211663e-05
30.0,-250.00034546795206,299.9996300091924,-0.99998270044405735,-250.00041225378894,299.99968708337508,-0.999998684059205,6.6785836878580085e-05,5.7074182677752106e-05,1.598361514765223e-05,8.929326004292812e-05
30.5,-250.00035072780602,299.9996240276655,-1.0001064832520767,-250.00041668044557,299.99968682977823,-0.99999328289162581,6.595263954523034e-05,6.2802112722692982e-05,0.00011320036045092685,0.00014528653630545632
31.0,-250.00035072780602,299.9996240276655,-1.0001064832520767,-250.00042054225921,299.99968690038918,-0.99998676122047925,6.9814453183880687e-05,6.2872723674445297e-05,0.00011972203159749117,0.0001521854201473916
31.5,-250.00035409399726,299.99961946301335,-0.99973585497198558,-250.00042383867674,299.99968728159666,-0.99997886931226632,6.9744679478844773e-05,6.781858331805779e-05,0.00024301434028073388,0.0002617625835388921
32.0,-250.00035409399726,299.99961946301335,-0.99973585497198558,-250.00042657233749,299.99968796013223,-0.99996963617535217,7.2478340229054083e-05,6.8497118888899422e-05,0.00023378120336658981,0.0002541625781777667
32.5,-250.0003555767511,299.99961625467341,-0.99988986478267505,-250.00042874845292,299.9996889226382,-0.99995926311308758,7.3171701814089829e-05,7.2667964786887751e-05,6.9398330412528964e-05,0.00012430148557714417
33.0,-250.0003555767511,299.99961625467341,-0.99988986478267505,-250.00043037437365,299.99969015553876,-0.99994807442449829,7.4797622545474951e-05,7.3900865345422062e-05,5.8209641823236957e-05,0.00012018479370722023
33.5,-250.00035521694659,299.9996143323196,-0.99984840588770785,-250.00043145932426,299.99969164514096,-0.99993649840145182,7.6242377673452211e-05,7.731282136091977e-05,8.8092513743975864e-05,0.00013982297192457108
34.0,-250.00035521694659,299.9996143323196,-0.99984840588770785,-250.00043201430685,299.99969337794818,-0.99992507976694678,7.6797360264890813e-05,7.9045628581297933e-05,7.6673879238930986e-05,0.00013425695400616725
34.5,-250.00035308170965,299.99961361856896,-0.99994001589368542,-250.00043205326637,299.99969534292785,-0.99991459389112203,7.8971556717988278e-05,8.1724358892643068e-05,2.5422002563391111e-05,0.00011645452254510784
35.0,-250.00035308170965,299.99961361856896,-0.99994001589368542,-250.00043158203692,299.99969751509286,-0.99990692660317837,7.850032727674261e-05,8.3896523904058995e-05,3.3089290507049007e-05,0.00011956516738582323
35.5,-250.00034923960578,299.99961400651125,-0.99982641255834392,-250.00043061740047,299.99969988532052,-0.99990182557626173,8.1377794685977278e-05,8.5878809272799117e-05,7.5413017917802527e-05,0.0001403019551593551
36.0,-250.00034923960578,299.99961400651125,-0.99982641255834392,-250.00042917930148,299.99970244624262,-0.9998981980427708,7.9939695694974944e-05,8.8439731371181551e-05,7.1785484426878376e-05,0.00013915853120528957
36.5,-250.00034380756787,299.99961543174913,-1.0000379895151508,-250.00042728684377,299.99970518563754,-0.99989561627247392,8.3479275900799621e-05,8.9753888403265591e-05,0.00014237324267685203,0.00018786881119214405
37.0,-250.00034380756787,299.99961543174913,-1.0000379895151508,-250.00042495973011,299.99970808928811,-0.99989384121900871,8.115216223814059e-05,9.2657538971252507e-05,0.00014414829614206592,0.0001896043887804167
37.5,-250.00033691607629,299.99961779965929,-1.0000535748244423,-250.00042221886105,299.9997111424932,-0.99989272558963305,8.5302784754048844e-05,9.3342833906717715e-05,0.00016084923480930158,0.00020460187210108932
38.0,-250.00033691607629,299.99961779965929,-1.0000535748244423,-250.00041908639722,299.99971433066116,-0.99989217279722009,8.2170320922614337e-05,9.6531001872790512e-05,0.00016140202722225716,0.00020523355075265925
38.5,-250.00032871189225,299.99962099937642,-0.99995164797739489,-250.00041558580745,299.99971763970296,-0.9998921123023542,8.6873915194018991e-05,9.6640326546548749e-05,5.9535675040689462e-05,0.00014293679183020639
39.0,-250.00032871189225,299.99962099937642,-0.99995164797739489,-250.00041174158238,299.99972105595174,-0.99989249276922387,8.3029690131297684e-05,0.00010005657532019541,5.9155208171013385e-05,0.00014284462314648452
39.5,-250.0003193606172,299.99962491999355,-0.99981861994739329,-250.00040757924035,299.99972456638488,-0.99989327074344758,8.8218623147895414e-05,9.9646391333862994e-05,7.4650796054287483e-05,0.00015259315229560787
40.0,-250.0003193606172,299.99962491999355,-0.99981861994739329,-250.00040312497038,299.99972815837185,-0.99989441038765092,8.3764353178139572e-05,0.00010323837830128468,7.5790440257628156e-05,0.00015303208961546714
40.5,-250.00030904205784,299.99962945182642,-0.99988176977785048,-250.0003984054137,299.9997318195812,-0.99989588067121982,8.9363355868954386e-05,0.00010236775477778792,1.4110893369334576e-05,0.0001366165579352936
41.0,-250.00030904205784,299.99962945182642,-0.99988176977785048,-250.00039344750235,299.99973553796013,-0.99989765373296435,8.4405444511048699e-05,0.00010608613371232423,1.5883955113871195e-05,0.00013649486019332865
41.5,-250.00029794537238,299.99963448821615,-0.99992413007312431,-250.00038827831955,299.99973930174343,-0.99989970391869509,9.0332947166871236e-05,0.0001048135272867512,2.4426154429213476e-05,0.0001405081985734038
42.0,-250.00029794537238,299.99963448821615,-0.99992413007312431,-250.0003829249726,299.99974309947208,-0.99990200715877586,8.4979600217138795e-05,0.00010861125593919496,2.2122914348443601e-05,0.00013966875351710783
42.5,-250.00028626390889,299.9996399242138,-0.99992307509307932,-250.00037741447153,299.99974692001359,-0.99990454055820743,9.1150562639086274e-05,0.00010699579979700502,1.8534534871883501e-05,0.00014177466355643322
43.0,-250.00028626390889,299.9996399242138,-0.99992307509307932,-250.00037177361349,299.99975075257947,-0.99990728212868318,8.5509704604191938e-05,0.00011082836567766208,1.579296439613298e-05,0.00014086963457287478
43.5,-250.00027419101269,299.99964565673451,-0.99995413103265995,-250.0003660288688,299.99975458673867,-0.99991021062006291,9.18378561038935e-05,0.00010893000415990173,4.3920412597042713e-05,0.00014909372979012272
44.0,-250.00027419101269,299.99964565673451,-0.99995413103265995,-250.0003602062726,299.99975841242741,-0.9999133054215289,8.6015259910254827e-05,0.00011275569289637133,4.082561113105676e-05,0.00014757778200729865
44.5,-250.00026191699314,299.99965158669596,-1.0000067452063497,-250.00035433132092,299.99976221995672,-0.99991654651327455,9.2414327781398242e-05,0.00011063326076055091,9.0198693075138614e-05,0.0001700468482456021
45.0,-250.00026191699314,299.99965158669596,-1.0000067452063497,-250.0003484288724,299.99976600001804,-0.99991991445370065,8.6511879260342539e-05,0.00011441332208050881,8.6830752649036391e-05,0.0001676731735497735
45.5,-250.00024962695534,299.99965762223724,-0.99988748109607239,-250.00034252305733,299.99976974368792,-0.99992339039191425,9.2896101989481394e-05,0.00011212145068384416,3.5909295841851652e-05,0.0001499679398943236
46.0,-250.00024962695534,299.99965762223724,-0.99988748109607239,-250.00033663719248,299.99977344243331,-0.99992695609754323,8.70102371379744e-05,0.0001158201960720362,3.9475001470834492e-05,0.00015014451347316636
46.5,-250.00023749500627,299.99966367377664,-0.99986510911194382,-250.00033079370422,299.99977708811582,-0.99993059400166939,9.3298697947830078e-05,0.00011341433918232724,6.5484889725575535e-05,0.00016079717084978575
47.0,-250.00023749500627,299.99966367377664,-0.99986510911194382,-250.00032501405857,299.99978067299583,-0.9999342872443292,8.7519052300422118e-05,0.00011699921918761902,6.9178132385383506e-05,0.0001616601862129516
47.5,-250.00022568381343,299.99966965925489,-0.99983527741731248,-250.0003193186983,299.99978418973762,-0.99993801972486296,9.3634884876792057e-05,0.00011453048273324384,0.00010274230755047409,0.0001801130336810642
48.0,-250.00022568381343,299.99966965925489,-0.99983527741731248,-250.00031372698777,299.99978763141252,-0.99994177615222946,8.8043174343965802e-05,0.00011797215762499036,0.00010649873491697104,0.00018168932566932155
48.5,-250.00021434029176,299.99967550062928,-1.0000440018418248,-250.0003082571653,299.9997909915038,-0.99994554209308617,9.3916873538546497e-05,0.00011549087452067397,9.8459748738677355e-05,0.00017847364890786783
49.0,-250.00021434029176,299.99967550062928,-1.0000440018418248,-250.00030292630203,299.99979426390956,-0.99994930401555149,8.8586010264180004e-05,0.00011876328028392891,9.4697826273359986e-05,0.00017584048526782427
49.5,-250.00020359872192,299.99968113398023,-0.99989557586191224,-250.00029775026877,299.99979744294637,-0.99995304932721241,9.4151546846887868e-05,0.0001163089661417871,5.7473465300161841e-05,0.00016029812410705874
50.0,-250.00020359872192,299.99968113398023,-0.99989557586191224,-250.00029274370948,299.99980052335195,-0.99995676640591991,8.9144987555300759e-05,0.00011938937171862563,6.1190544007660996e-05,0.00016107431068161177
50.5,-250.00019357235502,299.9996864962971,-0.99999650230386261,-250.00028792002132,299.99980350028807,-0.99996044462174694,9.4347666305338862e-05,0.00011700399096525871,3.6057682115675505e-05,0.00015456898938214295
51.0,-250.00019357235502,299.9996864962971,-0.99999650230386261,-250.0002832913421,299.99980636934208,-0.99996407434875711,8.9718987084097535e-05,0.00011987304498006779,3.2427955105496231e-05,0.00015320122658945618
51.5,-250.00018435767925,299.99969153584323,-1.0000481221929776,-250.00027886854292,299.99980912652762,-0.99996764696439755,9.4510863675623114e-05,0.00011759068439687326,8.0475228580012548e-05,0.0001709857737492875
52.0,-250.00018435767925,299.99969153584323,-1.0000481221929776,-250.00027466122833,299.99981176828658,-0.99997115483330523,9.0303549086456769e-05,0.00012023244335068739,7.6967359672330815e-05,0.00016892171520149887
52.5,-250.00017603253099,299.99969620963918,-0.99996244816051671,-250.00027067774141,299.9998142914875,-0.99997459126985422,9.4645210424459947e-05,0.00011808184831352264,1.214310933750351e-05,0.00015181730422389483
53.0,-250.00017603253099,299.99969620963918,-0.99996244816051671,-250.00026692517517,299.99981669342549,-0.99997795046907212,9.0892644180939897e-05,0.0001204837863042485,1.5502308555404021e-05,0.00015171729334178657
53.5,-250.00016865436109,299.99970048068224,-0.99998891616422281,-250.00026340938808,299.99981897181965,-0.99998122738500161,9.4755026992743296e-05,0.00011849113741391193,7.6887792211932648e-06,0.00015191373246665465
54.0,-250.00016865436109,299.99970048068224,-0.99998891616422281,-250.0002601350248,299.99982112480956,-0.99998441751122757,9.1480663712673049e-05,0.0001206441273211567,4.498652995232888e-06,0.00015147262184687425
54.5,-250.00016226194785,299.99970432064686,-1.0000956023121141,-250.00025710554081,299.99982315094923,-0.99998751645691097,9.4843592961524337e-05,0.00011883030236958803,0.00010808585520316605,0.00018654356054846494
55.0,-250.00016226194785,299.99970432064686,-1.0000956023121141,-250.00025432322883,299.99982504919706,-0.99999051903005198,9.206128098071531e-05,0.00012072855020051065,0.00010508328206215722,0.00018464332768416608
55.5,-250.00015687636622,299.99970771034458,-1.0001068094168575,-250.00025178923966,299.99982681889168,-0.99999341688111054,9.4912873436214795e-05,0.00011910854709640262,0.00011339253574693675,0.00018987671447140436
56.0,-250.00015687636622,299.99970771034458,-1.0001068094168575,-250.0002495035487,299.99982845963507,-0.99999619014828633,9.2627182482374337e-05,0.00012074929048822014,0.00011061926857114379,0.00018814039616001262
56.5,-250.00015250049282,299.99971063720199,-0.99992456973548172,-250.00024746506733,299.99982997140262,-0.99999871256287953,9.496457451518836e-05,0.0001193342006331477,7.4142827397816191e-05,0.0001695761796601913
57.0,-250.00015250049282,299.99971063720199,-0.99992456973548172,-250.00024567366819,299.99983135764887,-1.0000009182418008,9.3173175372385231e-05,0.00012072044688693495,7.6348506319101617e-05,0.00017053961804434898
57.5,-250.00014912496209,299.99971310282228,-1.0000190185304678,-250.0002441251799,299.9998326173482,-1.0000032075399017,9.5000217811502807e-05,0.00011951452592029455,1.5810990566134109e-05,0.00015348860124735035
58.0,-250.00014912496209,299.99971310282228,-1.0000190185304678,-250.00024281523204,299.99983375097634,-1.0000057569151828,9.3690269949320282e-05,0.00012064815405210538,1.326161528503178e-05,0.00015332877811854252
58.5,-250.00014671700507,299.99971510290732,-1.0000450510261445,-250.00024173897884,299.99983476005247,-1.0000086215739616,9.5021973777420499e-05,0.00011965714514872161,3.6429452182851207e-05,0.00015707995693926602
59.0,-250.00014671700507,299.99971510290732,-1.0000450510261445,-250.00024089096988,299.99983564679286,-1.0000117944836475,9.4173964811261612e-05,0.0001205438855436114,3.3256542496973296e-05,0.0001565425233253796
59.5,-250.00014523444332,299.99971664715235,-0.99998932604993573,-250.00024026506941,299.99983641382619,-1.000015232977959,9.5030626084735559e-05,0.00011976667383351014,2.5906928023289311e-05,0.00015506787215539884
60.0,-250.00014523444332,299.99971664715235,-0.99998932604993573,-250.00023985445623,299.9998370640418,-1.0000188732248805,9.4620012902169037e-05,0.00012041688944464113,2.9547174944744015e-05,0.00015596861752399058
60.5,-250.00014462421336,299.99971775278698,-1.0000031732096466,-250.0002396516737,299.9998376005276,-1.0000226389773736,9.5027460332630653e-05,0.00011984774062057113,1.9465767727044891e-05,0.00015418370621543852
61.0,-250.00014462421336,299.99971775278698,-1.0000031732096466,-250.00023964870272,299.99983802655674,-1.0000264473850236,9.5024489354500474e-05,0.00012027376976675441,2.3274175376952755e-05,0.0001550390934908579
61.5,-250.00014482331017,299.99971844134996,-1.0001174678205049,-250.00023983703991,299.99983834559009,-1.0000302131203802,9.5013729747961406e-05,0.00011990424013674783,8.7254700124717033e-05,0.000176119329822833
62.0,-250.00014482331017,299.99971844134996,-1.0001174678205049,-250.00024020777084,299.99983856128085,-1.0000338513899456,9.5384460678360483e-05,0.00012011993089799944,8.3616430559318999e-05,0.00017469602341588453
62.5,-250.00014576121907,299.99971873788007,-0.99993793228622208,-250.00024075163384,299.99983867747142,-1.0000372800614739,9.4990414766016329e-05,0.00011993959134315446,9.9347775251779069e-05,0.00018242440877377323
63.0,-250.00014576121907,299.99971873788007,-0.99993793228622208,-250.00024145907742,299.99983869818675,-1.0000404209130296,9.5697858341736719e-05,0.00011996030667660307,0.00010248862680750648,0.0001845331241106271
63.5,-250.0001473615456,299.99971867120098,-1.0000015501651034,-250.0002423203118,299.999838627624,-1.0000431997187054,9.4958766197805744e-05,0.00011995642302053966,4.1649553601974532e-05,0.00015856038602669943
64.0,-250.0001473615456,299.99971867120098,-1.0000015501651034,-250.00024332536034,299.99983847014568,-1.0000455441118898,9.5963814743527109e-05,0.0001197989446950487,4.3993946786446969e-05,0.00015967563447196964
64.5,-250.00014954425197,299.99971827333019,-1.0000848171967727,-250.00024446414099,299.99983823032147,-1.0000473744851595,9.4919889022548887e-05,0.00011995699128419801,3.7442711613211443e-05,0.0001574846714539554
65.0,-250.00014954425197,299.99971827333019,-1.0000848171967727,-250.00024572654115,299.9998379129504,-1.0000485189515929,9.618228918384375e-05,0.00011963962020899999,3.6298245179811062e-05,0.00015774103486262533
65.5,-250.00015222593476,299.99971757734278,-1.0002367950054645,-250.00024710101471,299.99983752077952,-1.0000489512992261,9.487507995231681e-05,0.00011994343674359698,0.00018784370623836644,0.0002422250333619328
66.0,-250.00015222593476,299.99971757734278,-1.0002367950054645,-250.00024857784331,299.99983705961591,-1.0000489699120383,9.6351908553060639e-05,0.00011948227313496318,0.00018782509342618603,0.0002425653924117594
66.5,-250.00015532181274,299.99971661722043,-0.9999646916402668,-250.00025014703519,299.99983653506632,-1.0000487188164211,9.4825222447525448e-05,0.00011991784589326926,8.4027176154299887e-05,0.00017444964576739702
67.0,-250.00015532181274,299.99971661722043,-0.9999646916402668,-250.00025179820022,299.9998359522271,-1.0000482800770509,9.6476387483335202e-05,0.00011933500667282715,8.3588436784132192e-05,0.0001747442815186042
67.5,-250.00015874948789,299.99971543511487,-1.0000650808611542,-250.00025352084793,299.99983531601146,-1.0000477021771901,9.4771360039658248e-05,0.00011988089659098478,1.7378683964119901e-05,0.0001538020113898049
68.0,-250.00015874948789,299.99971543511487,-1.0000650808611542,-250.00025530455346,299.99983463128689,-1.0000470156248531,9.6555065567827114e-05,0.00011919617202238442,1.8065236301101351e-05,0.0001544569871330264
68.5,-250.00016242411493,299.9997140681711,-0.99998854341003707,-250.00025713906021,299.99983390293204,-1.0000462405634549,9.4714945277019069e-05,0.00011983476093746503,5.7697153417857194e-05,0.00016327967509856167
69.0,-250.00016242411493,299.9997140681711,-0.99998854341003707,-250.00025901433904,299.9998331358413,-1.0000453909205955,9.6590224103465516e-05,0.00011906767019809195,5.6847510558455383e-05,0.0001635188702732898
69.5,-250.0001662638519,299.99971255480335,-1.0000713561972912,-250.00026092062444,299.9998323349015,-1.000044476810146,9.4656772546386492e-05,0.00011978009814583856,2.6879387145184452e-05,0.00015501508943978898
70.0,-250.0001662638519,299.99971255480335,-1.0000713561972912,-250.00026284843881,299.99983150496121,-1.0000435060032737,9.658458691319538e-05,0.00011895015785512442,2.785019401740918e-05,0.00015573488944279295
70.5,-250.00017019054016,299.99971093194188,-0.99994150682457661,-250.00026478861432,299.99983065079982,-1.0000424848817098,9.4598074156237999e-05,0.00011971885794537229,0.00010097805713316088,0.00018296985709182056
71.0,-250.00017019054016,299.99971093194188,-0.99994150682457661,-250.00026673231346,299.99982977710113,-1.0000414191023335,9.6541773302760703e-05,0.00011884515924975858,9.9912277756852852e-05,0.00018283038345992886
71.5,-250.00017413175465,299.99970923723583,-1.0000495140543213,-250.0002686710497,299.99982888843329,-1.0000403141157013,9.4539295048434724e-05,0.00011965119745127595,9.1999386200303235e-06,0.00015277017454461307
72.0,-250.00017413175465,299.99970923723583,-1.0000495140543213,-250.00027059670771,299.99982798923304,-1.0000391756504563,9.6464953060149128e-05,0.00011875199720634555,1.0338403864995627e-05,0.00015334407912882854
72.5,-250.00017802003595,299.99970750480338,-0.99994595142170661,-250.00027250156205,299.99982708379241,-1.0000380102919439,9.4481526105028024e-05,0.00011957898902892339,9.2058870237332613e-05,0.00017804698532041622
73.0,-250.00017802003595,299.99970750480338,-0.99994595142170661,-250.00027437829326,299.99982617624585,-1.0000368263877275,9.6358257309248074e-05,0.00011867144246480166,9.0874966020892955e-05,0.00017783724148122193
73.5,-250.00018179467077,299.99970576750133,-0.99988185715090849,-250.00027622000047,299.99982527055778,-1.0000356359033993,9.4425329706382399e-05,0.00011950305645314074,0.00015377875249078521,0.00021643712276183988
74.0,-250.00018179467077,299.99970576750133,-0.99988185715090849,-250.00027802019977,299.99982437049425,-1.0000344598846469,9.6225529006233046e-05,0.00011860299292720811,0.00015260273373840505,0.0002159018682370658
74.5,-250.0001854022654,299.99970405669762,-1.0002291609996534,-250.00027977287772,299.99982347968563,-1.0000333573753726,9.4370612316652114e-05,0.00011942298800704521,0.00019580362428084364,0.0002480054874696616
75.0,-250.0001854022654,299.99970405669762,-1.0002291609996534,-250.00028147297112,299.99982260236254,-1.0000323173212906,9.607070572315024e-05,0.00011854566491820151,0.00019684367836281247,0.0002490584045569332
75.5,-250.00018879603687,299.99970239909737,-0.99994403264892195,-250.00028311474765,299.99982174081231,-1.000031261056983,9.4318710779361936e-05,0.00011934171493521717,8.7228408061079676e-05,0.00017534896435288629
76.0,-250.00018879603687,299.99970239909737,-0.99994403264892195,-250.00028469357983,299.99982089809924,-1.0000301394305759,9.5897542962575244e-05,0.00011849900187144158,8.6106781653993991e-05,0.0001750792107521492
76.5,-250.00019193569898,299.99970081772028,-0.99989341925263564,-250.00028620530131,299.99982007704568,-1.0000289231447279,9.4269602328722613e-05,0.00011925932540179929,0.00013550389209227021,0.0002036439279494023
77.0,-250.00019193569898,299.99970081772028,-0.99989341925263564,-250.00028764626109,299.99981928032173,-1.0000275959797469,9.5710562106887664e-05,0.00011846260144920961,0.00013417672711124595,0.0002029711647974077
77.5,-250.00019479023203,299.99969933459766,-1.0001147340400285,-250.00028901326169,299.99981851035938,-1.0000261491471183,9.422302966299867e-05,0.00011917576171072142,8.8584892910192892e-05,0.00017586393817413314
78.0,-250.00019479023203,299.99969933459766,-1.0001147340400285,-250.00029030354554,299.99981776934703,-1.0000245794303202,9.5513313510764419e-05,0.00011843474936767961,9.015460970829281e-05,0.00017685428060198392
78.5,-250.00019733504516,299.99969796623532,-0.99990919956344804,-250.00029151478947,299.99981705923784,-1.0000228879512829,9.4179744309030866e-05,0.00011909300252455068,0.000113688387834876,0.0001896787205168789
79.0,-250.00019733504516,299.99969796623532,-0.99990919956344804,-250.00029264509973,299.99981638175922,-1.0000210793448703,9.5310054575747927e-05,0.00011841552390023935,0.00011187978142224164,0.00018874143237479358
79.5,-250.00019955373824,299.99969672765769,-1.0000843640728647,-250.00029369300378,299.99981573842228,-1.0000191611733236,9.4139265542025896e-05,0.0001190107645925309,6.5202899541150217e-05,0.00016515805010432945
80.0,-250.00019955373824,299.99969672765769,-1.0000843640728647,-250.00029465743978,299.99981513053007,-1.0000171434664582,9.5103701539756003e-05,0.00011840287237419034,6.722060640651506e-05,0.00016607999325229215
80.5,-250.00020143577825,299.99969562879267,-0.99993455280437504,-250.00029553774371,299.99981455918163,-1.0000150383262765,9.4101965459003623e-05,0.00011893038896459984,8.0485521901429991e-05,0.0001716902343124503
81.0,-250.00020143577825,299.99969562879267,-0.99993455280437504,-250.00029633363408,299.99981402527698,-1.000012859564041,9.4897855831277411e-05,0.00011839648431077876,7.8306759665913717e-05,0.00017074917027002376
81.5,-250.00020297766775,299.99969467750236,-0.99997408788226316,-250.00029704519625,299.99981352952278,-1.0000106223541931,9.406752849372424e-05,0.00011885202042094534,3.6534471929972057e-05,0.00015591430439270267
82.0,-250.00020297766775,299.99969467750236,-0.99997408788226316,-250.0002976728646,299.99981307243581,-1.0000083428988007,9.4695196850125285e-05,0.00011839493345178198,3.4255016537532157e-05,0.00015542826876576365
82.5,-250.00020416947464,299.99969388609247,-0.99993395261647455,-250.00029821740603,299.99981265434968,-1.0000060381009948,9.4047931384011463e-05,0.00011876825720946727,7.2085484520201248e-05,0.000167771360478176
83.0,-250.00020416947464,299.99969388609247,-0.99993395261647455,-250.00029867990153,299.99981227542054,-1.0000037252487757,9.4510426890792587e-05,0.0001183893280654047,6.9772632301123849e-05,0.000166782714958972
83.5,-250.00020505169476,299.99969323391213,-1.0001188860496655,-250.00029906172838,299.99981193563349,-1.000001421712025,9.4010033620861577e-05,0.00011870172136241308,0.0001174643376404827,0.00019163991153492218
84.0,-250.00020505169476,299.99969323391213,-1.0001188860496655,-250.00029936454166,299.99981163481164,-0.99999914465555995,9.4312846897537383e-05,0.00011840089950965194,0.00011974139410553253,0.0001930069624571857
84.5,-250.00020560692192,299.99969274051938,-1.0000393542440282,-250.00029959025619,299.99981137262085,-0.99999691077196817,9.3983334267022656e-05,0.00011863210147566861,4.2443472060060827e-05,0.00015718743887789958
85.0,-250.00020560692192,299.99969274051938,-1.0000393542440282,-250.00029974102739,299.99981114857985,-0.99999473603712674,9.4134105466991969e-05,0.00011840806047302976,4.4618206901492208e-05,0.0001577101232773591
85.5,-250.00020586039355,299.99969239601455,-1.0000235064477021,-250.0002998192335,299.9998109620675,-0.99999263549128758,9.3958839954666473e-05,0.00011856605294724432,3.0870956414519313e-05,0.0001543994445166903
86.0,-250.00020586039355,299.99969239601455,-1.0000235064477021,-250.00029982746443,299.99981081234279,-0.99999062300679342,9.3967070881717518e-05,0.00011841632823461623,3.2883440908682005e-05,0.0001547047442344703
86.5,-250.00020583214351,299.99969219480568,-0.9997931756500994,-250.00029976848802,299.99981069852993,-0.99998871123584243,9.3936344512712822e-05,0.00011850372425215028,0.00019553558574303409,0.00024718684183004604
87.0,-250.00020583214351,299.99969219480568,-0.9997931756500994,-250.00029964521516,299.99981061960057,-0.99998691146950636,9.3813071657677938e-05,0.00011842479489132529,0.00019373581940695939,0.0002456804676407692
87.5,-250.00020554515595,299.99969212911861,-1.000041456576455,-250.0002994607384,299.99981057447138,-0.99998523333606582,9.3915582453973911e-05,0.00011844535276850365,5.6223240389230433e-05,0.00016127768283302448
88.0,-250.00020554515595,299.99969212911861,-1.000041456576455,-250.00029921827763,299.99981056195548,-0.99998368492096568,9.3673121682513738e-05,0.00011843283687085204,5.7771655489369245e-05,0.00016167422414536972
88.5,-250.0002050248109,299.99969218983063,-0.99999459439188032,-250.00029892116291,299.99981058077293,-0.99998227269809548,9.3896352012734496e-05,0.00011839094230481351,1.2321693784844712e-05,0.00015160726987466174
89.0,-250.0002050248109,299.99969218983063,-0.99999459439188032,-250.0002985728178,299.99981062955936,-0.99998100151498526,9.3548006901755798e-05,0.00011843972873748498,1.3592876895063277e-05,0.00015153865922920237
89.5,-250.00020429828345,299.99969236627311,-1.0000764834064328,-250.00029817674331,299.99981070687733,-0.99997987461410964,9.3878459864527031e-05,0.00011834060421733739,9.6608792323205073e-05,0.00017930678343891027
90.0,-250.00020429828345,299.99969236627311,-1.0000764834064328,-250.00029773650141,299.99981081122621,-0.99997889368349469,9.3438217959374015e-05,0.00011844495310242564,9.7589722938162815e-05,0.00017967654692253708
90.5,-250.00020339400888,299.99969264682312,-1.0000154005158908,-250.00029725569905,299.99981094105067,-0.99997805893316793,9.38616901748901e-05,0.00011829422754772168,3.7341582722838496e-05,0.00015555685440971672
91.0,-250.00020339400888,299.99969264682312,-1.0000154005158908,-250.00029673797198,299.99981109474891,-0.99997736919456459,9.3343963101233385e-05,0.00011844792578585839,3.8031321326181811e-05,0.0001555293797719001
91.5,-250.00020234104713,299.99969301875421,-1.0001342866000029,-250.00029618696894,299.99981127068196,-0.99997682203986693,9.3845921810498112e-05,0.00011825192774495008,0.0001574645601359892,0.00021814138340690788
92.0,-250.00020234104713,299.99969301875421,-1.0001342866000029,-250.00029560633664,299.99981146718181,-0.99997641391745729,9.3265289507371563e-05,0.00011844842759956009,0.00015787268254563447,0.00021829390307989992
92.5,-250.00020116889982,299.99969346946864,-0.99978070221669668,-250.00029499970438,299.99981168255846,-0.99997614029957516,9.3830804559047465e-05,0.00011821308982007395,0.00019543808287847408,0.00024693035197848875
93.0,-250.00020116889982,299.99969346946864,-0.99978070221669668,-250.00029437067042,299.99981191510864,-0.99997599583784336,9.3201770596351707e-05,0.00011844563999829916,0.00019529362114667492,0.00024668915285736145
93.5,-250.00019990633899,299.99969398488241,-0.99999289566516036,-250.00029372278766,299.99981216312324,-0.99997597452169251,9.381644866834904e-05,0.00011817824082527295,1.6921143467851785e-05,0.00015183526514468503
94.0,-250.00019990633899,299.99969398488241,-0.99999289566516036,-250.00029305955096,299.99981242489423,-0.99997606983509457,9.3153211963681315e-05,0.00011844001181771091,1.6825830065791969e-05,0.0001516201367099138
94.5,-250.00019858179414,299.99969455186766,-0.99989256710794339,-250.00029238438484,299.99981269872239,-0.9999762749066593,9.3802590697578125e-05,0.00011814685473154896,8.370779871591516e-05,0.00017252420372341752
95.0,-250.00019858179414,299.99969455186766,-0.99989256710794339,-250.00029170063155,299.99981298292397,-0.99997658264882561,9.3118837412475841e-05,0.00011843105630759965,8.4015540882220741e-05,0.0001724982437270509
95.5,-250.000197222248,299.99969515672575,-1.0000522847868019,-250.00029101154038,299.99981327583794,-0.99997698588230521,9.3789292378687605e-05,0.0001181191121872871,7.5298904496645669e-05,0.00016857781896561252
96.0,-250.000197222248,299.99969515672575,-1.0000522847868019,-250.00029032025765,299.99981357583135,-0.99997747744286358,9.3098009642744728e-05,0.00011841910560406177,7.4807343938276816e-05,0.00016818579808832303
96.5,-250.00019585349858,299.99969578685784,-0.99992695432590561,-250.00028962981651,299.99981388130556,-0.99997805026866915,9.3776317925176045e-05,0.00011809444771415656,5.1095942763534907e-05,0.0001592202617489677
97.0,-250.00019585349858,299.99969578685784,-0.99992695432590561,-250.00028894312968,299.99981419070167,-0.99997869746754231,9.3089631093334901e-05,0.00011840384382821867,5.1743141636695356e-05,0.00015925609048581313
97.5,-250.00019449926194,299.99969642962742,-0.99995685487244079,-250.00028826298069,299.99981450250664,-0.99997941236432042,9.3763718751915803e-05,0.00011807287921783427,2.2557491879626745e-05,0.00015245222268263941
98.0,-250.00019449926194,299.99969642962742,-0.99995685487244079,-250.00028759201712,299.99981481525646,-0.99998018853000714,9.3092755179213782e-05,0.00011838562903676575,2.3333657566348975e-05,0.00015240038649790683
98.5,-250.00019318139093,299.99969707357531,-0.99980727029775207,-250.00028693274172,299.99981512753675,-0.99998101968160136,9.3751350789261778e-05,0.0001180539614438203,0.00017374938384928651,0.00023003239331754327
99.0,-250.00019318139093,299.99969707357531,-0.99980727029775207,-250.00028628751917,299.99981543800476,-0.99998190007968568,9.3106128247200104e-05,0.00011836442945423187,0.00017462978193361067,0.0002305958586258442
99.5,-250.00019191914069,299.99969770745662,-0.99997764590321814,-250.00028565855862,299.99981574537389,-0.99998282406649053,9.3739417934557423e-05,0.00011803791727516,5.1781632723901794e-06,0.00015082056147701703
100.0,-250.00019191914069,299.99969770745662,-0.99997764590321814,-250.00028504791049,299.99981604841588,-0.99998378615768113,9.3128769805161937e-05,0.00011834095926133159,6.1402544629940436e-06,0.0001507158025197932
100.5,-250.00019072961999,299.9996983215957,-1.0000313826262335,-250.00028445746426,299.99981634596406,-0.99998478104233346,9.3727844273416849e-05,0.00011802436836205743,4.6601583900018895e-05,0.00015775413763637075
101.0,-250.00019072961999,299.9996983215957,-1.0000313826262335,-250.00028388896095,299.99981663694041,-0.99998580377352864,9.3159340963211434e-05,0.00011831534470729821,4.5578852704841744e-05,0.00015733599529604262
101.5,-250.0001896274666,299.99969890748883,-0.99985036954141204,-250.00028334398041,299.99981692033697,-0.99998684950499006,9.3716513816843872e-05,0.00011801284813373059,0.00013647996357801784,0.00020331403725487013
102.0,-250.0001896274666,299.99969890748883,-0.99985036954141204,-250.00028282393353,299.99981719520628,-0.99998791345139781,9.3196466934841737e-05,0.0001182877174414898,0.00013754390998577115,0.0002039507114987067
102.5,-250.00018862447837,299.99969945726059,-0.99990078487287637,-250.00028233007194,299.99981746067823,-0.99998899098144034,9.3705593570803103e-05,0.00011800341764001132,8.8206108563970709e-05,0.00017460201152672458
103.0,-250.00018862447837,299.99969945726059,-0.99990078487287637,-250.00028186348871,299.99981771595964,-0.99999007757807679,9.323901034008486e-05,0.00011825869904669162,8.9292705200416655e-05,0.00017507661223425288
103.5,-250.00018772996705,299.99969996439791,-1.0000294341248468,-250.00028142511977,299.99981796033308,-0.99999116882281303,9.3695152713735297e-05,0.00011799593517025642,3.8265302033768656e-05,0.00015545435245913533
104.0,-250.00018772996705,299.99969996439791,-1.0000294341248468,-250.00028101574523,299.99981819315798,-0.9999922603896102,9.3285778177687462e-05,0.00011822876007272498,3.7173735236595284e-05,0.00015511983338693724
104.5,-250.000186950846,299.99970042381307,-1.0000017268610997,-250.00028063599211,299.99981841386841,-0.99999334804462592,9.3685146111965878e-05,0.00011799005534385287,8.3788164737530479e-06,0.00015089322160907924
105.0,-250.000186950846,299.99970042381307,-1.0000017268610997,-250.00028028633807,299.99981862197325,-0.99999442765048063,9.3335492067581072e-05,0.00011819816018032725,7.2992106190383765e-06,0.0001507832803236913
105.5,-250.00018629141701,299.99970083132462,-1.0001705872739826,-250.00027996711461,299.99981881705406,-0.99999549517457409,9.3675697598882834e-05,0.00011798572944599073,0.00017509209940846926,0.00023098270919877346
106.0,-250.00018629141701,299.99970083132462,-1.0001705872739826,-250.00027967851176,299.9998189987657,-0.99999654670055371,9.3387094750596589e-05,0.00011816744108728017,0.00017404057342884638,0.00023016258340250354
106.5,-250.00018575382893,299.99970118420896,-1.0001238078334733,-250.00027942058287,299.99981916683367,-0.9999975784424221,9.3666753940624403e-05,0.00011798262471529597,0.00012622939105122466,0.00019653808713235925
107.0,-250.00018575382893,299.99970118420896,-1.0001238078334733,-250.00027919324214,299.99981932104077,-0.9999985867608886,9.3439413205942401e-05,0.00011813683181571832,0.0001252210725847247,0.0001958763691489993
107.5,-250.00018533797808,299.99970148073737,-0.99991610067254255,-250.00027899629535,299.9998194612653,-0.99999956817294211,9.3658317268818791e-05,0.00011798052793210445,8.3467500399558858e-05,0.00017221529835561984
108.0,-250.00018533797808,299.99970148073737,-0.99991610067254255,-250.0002788294218,299.99981958744075,-1.00000051938822,9.3491443720949974e-05,0.00011810670338263662,8.4418715677436751e-05,0.00017267415263892152
108.5,-250.00018504167039,299.9997017201465,-1.0000091076223248,-250.0002786921782,299.99981969955104,-1.0000014373132307,9.365050780729689e-05,0.0001179794045356175,7.6703090940988261e-06,0.0001508256979057033
109.0,-250.00018504167039,299.9997017201465,-1.0000091076223248,-250.00027858401532,299.99981979764397,-1.0000023190677256,9.3542344927755039e-05,0.00011807749746139962,6.7885545991241969e-06,0.00015079307071240116
109.5,-250.00018486092657,299.99970190272353,-1.0001169846622024,-250.00027850428398,299.99981988182748,-1.0000031620019496,9.364335741679497e-05,0.00011797910394761857,0.00011382266025283805,0.00018879551197951077
110.0,-250.00018486092657,299.99970190272353,-1.0001169846622024,-250.0002784522411,299.99981995226574,-1.0000039637108169,9.3591314538343795e-05,0.00011804954220906438,0.00011302095138554513,0.00018833152690104392
110.5,-250.00018479021762,299.99970202973225,-0.9999016923371753,-250.00027842705614,299.99982000917657,-1.0000047220457362,9.3636838528254884e-05,0.00011797944432601071,0.00010302970856090887,0.00018248870556608854
111.0,-250.00018479021762,299.99970202973225,-0.9999016923371753,-250.00027842781708,299.99982005282669,-1.0000054351239398,9.3637599462681465e-05,0.00011802309444419734,0.00010374278676450466,0.00018292079340792008
111.5,-250.00018482252025,299.9997021031906,-0.99999990183377307,-250.00027845353759,299.99982008352907,-1.0000061013352373,9.3631017335837896e-05,0.00011798033847298939,6.1995014641880175e-06,0.0001507466798704024
112.0,-250.00018482252025,299.9997021031906,-0.99999990183377307,-250.00027850316471,299.99982010164001,-1.0000067193459643,9.3680644454252615e-05,0.00011799844941151605,6.8175121912261716e-06,0.0001508183532643283
112.5,-250.00018494969038,299.99970212588238,-0.99996364058896803,-250.00027857558351,299.99982010755411,-1.0000072881098927,9.362589312900127e-05,0.00011798167173537877,4.3647520924672278e-05,0.00015681386677378868
113.0,-250.00018494969038,299.99970212588238,-0.99996364058896803,-250.00027866962128,299.99982010169498,-1.0000078068954366,9.371993090212527e-05,0.00011797581259997969,4.416630646852937e-05,0.00015701076534428053
113.5,-250.00018516258919,299.99970210119778,-1.0000440209830732,-250.00027878407167,299.99982008453952,-1.0000082751296551,9.3621482477601603e-05,0.00011798334173818148,3.5745853418145401e-05,0.00015479927953838775
114.0,-250.00018516258919,299.99970210119778,-1.0000440209830732,-250.00027891769,299.99982005659666,-1.0000086925048417,9.3755100806447444e-05,0.00011795539887771156,3.5328478231511085e-05,0.00015476303313705607
114.5,-250.00018545142134,299.99970203313768,-1.0000305755483274,-250.00027906918612,299.99982001838174,-1.0000090590947368,9.3617764775899559e-05,0.00011798524406003708,2.151645359060872e-05,0.00015214388411191227
115.0,-250.00018545142134,299.99970203313768,-1.0000305755483274,-250.00027923724542,299.99981997043682,-1.0000093751750072,9.3785824077485813e-05,0.00011793729913733841,2.1200373320207078e-05,0.00015216584095853876
115.5,-250.00018580579186,299.99970192601234,-1.0000320745499403,-250.00027942053555,299.99981991332749,-1.0000096412422983,9.3614743690295654e-05,0.00011798731515000327,2.2433307641955835e-05,0.00015227599963311543
116.0,-250.00018580579186,299.99970192601234,-1.0000320745499403,-250.00027961771204,299.99981984763832,-1.0000098580094199,9.3811920180542074e-05,0.00011792162598567302,2.2216540520370032e-05,0.00015231467728278386
116.5,-250.00018621501582,299.99970178446574,-0.99999024777042966,-250.00027982742401,299.99981977396806,-1.0000100263925948,9.361240819316663e-05,0.00011798950231423078,1.9778622165178561e-05,0.00015190786523033235
117.0,-250.00018621501582,299.99970178446574,-0.99999024777042966,-250.00028004831955,299.99981969292759,-1.0000101474961518,9.3833303736801099e-05,0.00011790846184567272,1.9899725722138939e-05,0.00015199701756544957
117.5,-250.0001866682997,299.99970161335324,-0.99987601786911862,-250.00028027905114,299.99981960513526,-1.0000102225963501,9.3610751434880513e-05,0.00011799178201954419,0.00013420472723146837,0.000201732352932353
118.0,-250.0001866682997,299.99970161335324,-0.99987601786911862,-250.00028051828113,299.99981951121447,-1.0000102531249069,9.3849981425364604e-05,0.0001178978612301762,0.00013423525578826201,0.00020180889126282642
118.5,-250.00018715499297,299.99970141781904,-1.0000493964264305,-250.0002807646872,299.9998194117905,-1.0000102406526263,9.360969423255483e-05,0.00011799397145750845,3.9155773804200322e-05,0.00015562302778455837
119.0,-250.00018715499297,299.99970141781904,-1.0000493964264305,-250.00028101696739,299.99981930748862,-1.0000101868733566,9.3861974420406113e-05,0.00011788966958192759,3.9209553073904502e-05,0.00015570945214882868
119.5,-250.00018766459715,299.99970120278851,-0.99998407396787847,-250.00028127384445,299.99981919893031,-1.0000100935884422,9.3609247301174037e-05,0.00011799614179608398,2.6019620563699775e-05,0.00015284894933669915
120.0,-250.00018766459715,299.99970120278851,-0.99998407396787847,-250.0002815340703,299.99981908673152,-1.0000099626918859,9.3869473147378812e-05,0.0001178839430053813,2.5888724007439023e-05,0.00015289973197555256
120.5,-250.00018818704172,299.9997009732046,-0.9998521074824962,-250.00028179643084,299.99981897150047,-1.0000097961563241,9.3609389125504094e-05,0.00011799829587744171,0.00015768867382792706,0.00021806428734673792
121.0,-250.00018818704172,299.9997009732046,-0.9998521074824962,-250.00028205974897,299.99981885383511,-1.0000095960197954,9.3872707253694898e-05,0.0001178806305119906,0.00015748853729924406,0.00021796918956058385
121.5,-250.00018871287509,299.99970073405677,-0.99999559871907184,-250.00028232288869,299.99981873432029,-1.0000093643734655,9.3610013607303699e-05,0.00011800026351238557,1.3765654393704807e-05,0.0001512494300069886
122.0,-250.00018871287509,299.99970073405677,-0.99999559871907184,-250.00028258475783,299.99981861352728,-1.0000091033502527,9.3871882739904322e-05,0.00011787947050834191,1.3504631180882853e-05,0.0001512940018632367
122.5,-250.00018923319806,299.99970048989837,-0.99997023704034416,-250.00028284431124,299.99981849201055,-1.0000088151142816,9.3611113186398143e-05,0.00011800211217405376,3.8578073937478585e-05,0.00015548571245699771
123.0,-250.00018923319806,299.99970048989837,-0.99997023704034416,-250.0002831005537,299.99981837030725,-1.0000085018511833,9.3867355644761119e-05,0.00011788040887950046,3.8264810839128138e-05,0.00015547046987094538
123.5,-250.00018973989134,299.99970024508303,-0.99989915677737051,-250.00028335254126,299.99981824893433,-1.0000081657592004,9.3612649919805335e-05,0.00011800385129845381,0.00010900898182986118,0.00018593330865086715
124.0,-250.00018973989134,299.99970024508303,-0.99989915677737051,-250.00028359938443,299.99981812838757,-1.00000780904084,9.3859493091486002e-05,0.00011788330454010065,0.00010865226346945533,0.00018577242069187978
124.5,-250.00019022573196,299.99970000378369,-1.0000575766430588,-250.00028384024881,299.99981800914099,-1.000007433895203,9.361451685663269e-05,0.00011800535730799311,5.014274785586359e-05,0.00015875527481701074
125.0,-250.00019022573196,299.99970000378369,-1.0000575766430588,-250.00028407435698,299.9998178916448,-1.0000070425108332,9.3848625027703747e-05,0.00011788786110855654,5.0534132225665829e-05,0.00015893020712294417
125.5,-250.0001906842995,299.99969976963797,-1.0001021248178135,-250.00028430098953,299.99981777632496,-1.0000066370588943,9.3616690037379158e-05,0.0001180066869892471,9.5487758919210464e-05,0.0001783467827888861
126.0,-250.0001906842995,299.99969976963797,-1.0001021248178135,-250.000284519486,299.99981766358235,-1.000006219686747,9.3835186504520607e-05,0.00011789394437755618,9.5905131066498228e-05,0.00017861080177894808
126.5,-250.00019111011198,299.9996995459183,-1.0000812001092736,-250.00028472924484,299.99981755379099,-1.0000057925118155,9.3619132854882992e-05,0.00011800787268612112,7.5407597458054809e-05,0.00016845386848273933
127.0,-250.00019111011198,299.9996995459183,-1.0000812001092736,-250.0002849297243,299.99981744729882,-1.0000053576156411,9.3819612317247447e-05,0.00011790138051992471,7.5842493632460872e-05,0.00016868591827491874
127.5,-250.00019149862382,299.99969933546259,-0.99993764334350665,-250.00028512044219,299.9998173444269,-1.0000049170381164,9.3621818365363652e-05,0.00011800896430713692,6.7273694609792933e-05,0.00016497548459492987
128.0,-250.00019149862382,299.99969933546259,-0.99993764334350665,-250.00028530097535,299.99981724546871,-1.0000044727719442,9.3802351528893269e-05,0.00011791000611083291,6.6829428437498173e-05,0.0001648266459001378
128.5,-250.00019184628391,299.99969914075922,-0.99987147718580038,-250.00028547095968,299.99981715069015,-1.000004026757124,9.3624675770342947e-05,0.00011800993092947465,0.00013254957132358136,0.00020065221795222298
129.0,-250.00019184628391,299.99969914075922,-0.99987147718580038,-250.00028563008891,299.99981706032969,-1.0000035808756884,9.3783804999247877e-05,0.00011791957047080359,0.00013210368988803012,0.00020037917072936648
129.5,-250.00019215049318,299.99969896387722,-0.99998807846532611,-250.00028577811386,299.99981697459788,-1.0000031369465407,9.3627620685765578e-05,0.00011801072065509288,1.5058481214635933e-05,0.00015139160941513076
130.0,-250.00019215049318,299.99969896387722,-0.99998807846532611,-250.0002859148415,299.99981689367837,-1.0000026967204785,9.3764348321201396e-05,0.00011792980114933016,1.4618255152365478e-05,0.00015137002477016312
130.5,-250.00019240948023,299.99969880630152,-0.99983281622457587,-250.00028604013306,299.99981681772721,-1.0000022618753803,9.3630652827414451e-05,0.00011801142568401701,0.00016944565080445617,0.000226727202420459
131.0,-250.00019240948023,299.99969880630152,-0.99983281622457587,-250.00028615390329,299.99981674687427,-1.0000018340117216,9.3744423054431536e-05,0.00011794057274983061,0.00016901778714573101,0.00022641777299056264
131.5,-250.00019262247304,299.99969866929644,-1.0002357129139943,-250.00028625612123,299.9998166812274,-1.0000014146544436,9.3633648191371321e-05,0.00011801193096516727,0.0002342982595506804,0.00027854936789056063
132.0,-250.00019262247304,299.99969866929644,-1.0002357129139943,-250.0002863467968,299.99981662085605,-1.0000010052287127,9.3724323761534833e-05,0.00011795155961635828,0.00023470768528155439,0.000278898757277105
132.5,-250.00019278934414,299.99969855342954,-1.0000077547076134,-250.00028642599335,299.99981656581286,-1.0000006070784437,9.3636649211248368e-05,0.00011801238332509456,7.1476291696459526e-06,0.0001508172181692999
133.0,-250.00019278934414,299.99969855342954,-1.0000077547076134,-250.00028649382097,299.99981651612859,-1.0000002214560766,9.3704476824996163e-05,0.00011796269905062218,7.5332515367954045e-06,0.00015083924298096477
133.5,-250.00019291084675,299.99969845906145,-1.0000354499219557,-250.00028655043235,299.99981647180908,-0.99999984951819598,9.3639585600158171e-05,0.00011801274763456604,3.5600403759716848e-05,0.00015479912578397845
134.0,-250.00019291084675,299.99969845906145,-1.0000354499219557,-250.00028659602074,299.99981643283712,-0.99999949232371077,9.3685173993662829e-05,0.00011797377567290823,3.5957598244928946e-05,0.0001548795417228766
134.5,-250.00019298837978,299.99969838611742,-0.99988474710148267,-250.0002866308175,299.99981639917269,-0.99999915083215574,9.3642437718699512e-05,0.00011801305527114891,0.00011440373067306275,0.00018916712438541336
135.0,-250.00019298837978,299.99969838611742,-0.99988474710148267,-250.00028665509075,299.99981637075632,-0.99999882590245304,9.3666710966999744e-05,0.00011798463890499988,0.00011407880097036305,0.00018896507770420012
135.5,-250.00019302399042,299.9996983342113,-1.0000833692143825,-250.00028666914156,299.99981634750731,-0.99999851829214015,9.3645151139298832e-05,0.00011801329600302779,8.4850922242307725e-05,0.00017290526704172586
136.0,-250.00019302399042,299.9996983342113,-1.0000833692143825,-250.00028667330264,299.99981632932747,-0.9999982286571204,9.3649312219667991e-05,0.00011799511617027747,8.5140557262053385e-05,0.00017303743990867155
136.5,-250.00019302021917,299.99969830260272,-1.0000215275465076,-250.00028666793506,299.99981631610086,-0.99999795755196796,9.3647715885936123e-05,0.00011801349813822526,2.35699945396739e-05,0.0001524881145403607
137.0,-250.00019302021917,299.99969830260272,-1.0000215275465076,-250.00028665342612,299.99981630769554,-0.99999770543077415,9.3633206944332414e-05,0.00011800509281556515,2.3822115733485028e-05,0.00015251187681983945
137.5,-250.00019298007803,299.99969829029646,-0.99989858384541863,-250.00028663018625,299.999816303964,-0.99999747264840899,9.3650108226484008e-05,0.00011801366753161346,9.888880299036007e-05,0.00018021255187128507
138.0,-250.00019298007803,299.99969829029646,-0.99989858384541863,-250.00028659864694,299.99981630474514,-0.99999725946242779,9.3618568911324473e-05,0.00011801444867387545,9.8675617009158501e-05,0.0001800797710264574
138.5,-250.00019290695008,299.99969829603953,-1.0000265782341269,-250.00028655925755,299.9998163098652,-0.99999706603529126,9.3652307469938023e-05,0.00011801382567000474,2.9512198835623948e-05,0.00015352194508873147
139.0,-250.00019290695008,299.99969829603953,-1.0000265782341269,-250.00028651248294,299.99981631913903,-0.99999689243711753,9.3605532867968577e-05,0.00011802309950326162,2.9685797009348924e-05,0.00015353401689506275
139.5,-250.00019280450309,299.9996983184036,-0.99991664355933252,-250.0002864588015,299.99981633237076,-0.999996738648812,9.3654298410683623e-05,0.00011801396715327428,8.0095089479481629e-05,0.0001706272176787093
140.0,-250.00019280450309,299.9996983184036,-0.99991664355933252,-250.00028639870177,299.99981634935574,-0.99999660456554806,9.3594198688151664e-05,0.00011803095213736015,7.996100621554536e-05,0.00017054308020418623
140.5,-250.000192676609,299.99969835577468,-0.99989444177852793,-250.00028633268056,299.99981636988139,-0.999996490000574,9.3656071555869858e-05,0.00011801410670386758,0.00010204822204606945,0.00018196875760183106
141.0,-250.000192676609,299.99969835577468,-0.99989444177852793,-250.00028626124038,299.99981639372834,-0.99999639468934287,9.3584631372323202e-05,0.00011803795365494807,0.00010195291081493973,0.00018189402891733512
141.5,-250.00019252726071,299.99969840640324,-0.9999830744127044,-250.0002861848871,299.99981642067155,-0.99999631829378943,9.3657626393905957e-05,0.0001180142683097074,1.3243881085034381e-05,0.00015124324412221066
142.0,-250.00019252726071,299.99969840640324,-0.9999830744127044,-250.00028610412767,299.99981645048189,-0.99999626040689804,9.3576866959210747e-05,0.00011804407864701716,1.3185994193642969e-05,0.0001512114578211578
142.5,-250.00019236050778,299.99969846847108,-1.0000341040370251,-250.00028601946812,299.99981648292675,-0.99999622055739357,9.3658960338416364e-05,0.00011801445566561597,3.7883479631517503e-05,0.000155353051552637
143.0,-250.00019236050778,299.99969846847108,-1.0000341040370251,-250.00028593141161,299.9998165177721,-0.99999619821454944,9.3570903828776864e-05,0.00011804930102243816,3.7905822475647888e-05,0.00015533191202317623
143.5,-250.00019218039048,299.99969854013136,-0.99993910601931968,-250.00028584045594,299.99981655478138,-0.99999619279305441,9.3660065459744146e-05,0.00011801465001326505,5.7086773734726926e-05,0.00016111661992208287
144.0,-250.00019218039048,299.99969854013136,-0.99993910601931968,-250.00028574709202,299.99981659371934,-0.99999620365790143,9.3566701536929031e-05,0.00011805358798255838,5.7097638581748988e-05,0.0001610947472876395
144.5,-250.00019199084994,299.99969861947926,-0.99994115560869656,-250.00028565180216,299.99981663435079,-0.99999623012938976,9.3660952217078375e-05,0.00011801487153206836,5.5074520693199069e-05,0.00016041535681637854
145.0,-250.00019199084994,299.99969861947926,-0.99994115560869656,-250.00028555505824,299.99981667644266,-0.99999627148801329,9.3564208299312668e-05,0.00011805696340161376,5.5115879316725014e-05,0.00016040407674103218
145.5,-250.0001917956825,299.99969870462121,-1.0000494604721004,-250.00028545731968,299.99981671976474,-0.99999632697928054,9.3661637180275648e-05,0.0001180151435278276,5.3133492819879002e-05,0.00015975995881453988
146.0,-250.0001917956825,299.99969870462121,-1.0000494604721004,-250.00028535903323,299.99981676409033,-0.9999963958185073,9.3563350731074024e-05,0.00011805946911636056,5.3064653593115629e-05,0.00015971222967894544
146.5,-250.00019159850817,299.99969879374891,-1.0000592547085094,-250.00028526063028,299.99981680919763,-0.99999647719552909,9.3662122111481949e-05,0.00011801544872014347,6.2777512980338734e-05,0.0001632214918172223
147.0,-250.00019159850817,299.99969879374891,-1.0000592547085094,-250.00028516252618,299.99981685486887,-0.99999657026824174,9.3564018015968031e-05,0.00011806111996293112,6.2684440267690711e-05,0.00016316247290926823
147.5,-250.00019140269055,299.99969888508531,-1.0001754657176773,-250.00028506511941,299.99981690089368,-0.99999667419417171,9.3662428866991831e-05,0.0001180158083684546,0.0001787915235056392,0.0002338093036720131
148.0,-250.00019140269055,299.99969888508531,-1.0001754657176773,-250.00028496879057,299.99981694706787,-0.99999678813621451,9.3566100019870646e-05,0.00011806198256181233,0.0001786775814628383,0.00023370692098601472
148.5,-250.0001912113533,299.99969897702317,-1.0000357255933312,-250.00028487390028,299.99981699319346,-0.99999691121366407,9.3662546987616224e-05,0.00011801617029050249,3.8814379667129195e-05,0.00015558613443102296
149.0,-250.0001912113533,299.99969897702317,-1.0000357255933312,-250.00028478078997,299.99981703908111,-0.99999704255156485,9.3569436671714357e-05,0.00011806205793618574,3.8683041766351955e-05,0.00015553220477922434
149.5,-250.00019102728194,299.99969906800226,-0.99995931597018828,-250.0002846897801,299.99981708454908,-0.99999718127723169,9.3662498159119423e-05,0.00011801654682130902,3.7865307043416507e-05,0.00015535234263610407
150.0,-250.00019102728194,299.99969906800226,-0.99995931597018828,-250.00028460117036,299.99981712942451,-0.99999732652206952,9.357388842090586e-05,0.00011806142225623262,3.801055188124014e-05,0.0001553685105601809
150.5,-250.00019085294798,299.99969915662354,-0.99979319277796308,-250.00028451523889,299.99981717354382,-0.99999747742454548,9.3662290908014256e-05,0.00011801692028257094,0.00020428464658239776,0.0002538362366574468
151.0,-250.00019085294798,299.99969915662354,-0.99979319277796308,-250.00028443224207,299.99981721675272,-0.99999763313335632,9.3579294087930975e-05,0.00011806012918214037,0.00020444035539324279,0.00025395105295669587
151.5,-250.00019069042824,299.99969924153521,-1.0001208628614353,-250.00028435241396,299.99981725890694,-0.99999779281048806,9.3661985715698393e-05,0.00011801737173300353,0.00012307005094724932,0.00019454281029925567
152.0,-250.00019069042824,299.99969924153521,-1.0001208628614353,-250.00028427596658,299.99981729987132,-0.99999795563416793,9.3585538337492835e-05,0.00011805833611333583,0.00012290722726737702,0.00019442790495791075
152.5,-250.00019054154626,299.99969932173337,-0.99977633392612153,-250.00028420308971,299.99981733952183,-0.9999981208015416,9.3661543445477946e-05,0.0001180177884521072,0.00022178687542007136,0.00026812329481101365
153.0,-250.00019054154626,299.99969932173337,-0.99977633392612153,-250.00028413395052,299.99981737774391,-0.99999828753127018,9.3592404255105066e-05,0.00011805601053538339,0.00022195360514865037,0.000268253914409957
153.5,-250.00019040767737,299.9996993961995,-0.99985830214564797,-250.0002840686947,299.99981741443304,-0.99999845506589269,9.366101733121468e-05,0.00011801823353607688,0.00014015292024471826,0.00020577543747400085
154.0,-250.00019040767737,299.9996993961995,-0.99985830214564797,-250.00028400744586,299.99981744949599,-0.99999862267395667,9.359976849054874e-05,0.00011805329648950647,0.00014032052830870168,0.00020588187909176657
154.5,-250.0001902898729,299.99969946413512,-1.0000665836892204,-250.00028395030611,299.9998174828491,-0.99999878965204658,9.3660433208242466e-05,0.00011801871397665309,6.779403717382948e-05,0.0001652172057437883
155.0,-250.0001902898729,299.99969946413512,-1.0000665836892204,-250.00028389735641,299.99981751441993,-0.99999895532653582,9.3607483506730205e-05,0.00011805028481148838,6.7628362684590826e-05,0.00016514183646773112
155.5,-250.00019018886857,299.99969952495451,-0.99999991511251174,-250.00028384865723,299.9998175441454,-0.99999911905524363,9.3659788660716004e-05,0.00011801919089293733,7.9605726810427768e-07,0.00015066956938336178
156.0,-250.00019018886857,299.99969952495451,-0.99999991511251174,-250.00028380424865,299.99981757197281,-0.99999928022884121,9.361538008079151e-05,0.00011804701830442355,6.3488367052499939e-07,0.00015066300473411205
156.5,-250.00019010504218,299.99969957818502,-1.0000892277327826,-250.00028376415156,299.99981759785925,-0.99999943827211057,9.3659109381860617e-05,0.0001180196742325279,8.9789460672062837e-05,0.00017539332804851859
157.0,-250.00019010504218,299.99969957818502,-1.0000892277327826,-250.000283728368,299.99981762177219,-0.99999959264494875,9.3623325824410131e-05,0.00011804358717881769,8.9635087833883631e-05,0.00017531133615215767
157.5,-250.00019003848283,299.99969962354726,-0.99993522360512599,-250.00028369688189,299.99981764368749,-0.99999974284335591,9.3658399066498532e-05,0.00011802014023487573,6.4519238229920894e-05,0.00016390052263043128
158.0,-250.00019003848283,299.99969962354726,-0.99993522360512599,-250.00028366965969,299.99981766359093,-0.99999988840005116,9.3631176866892929e-05,0.00011804004367377274,6.4664794925173297e-05,0.0001639566555364566
158.5,-250.0001899889624,299.99969966087042,-1.0001519999224324,-250.00028364665124,299.99981768147734,-1.0000000288850317,9.3657688836401576e-05,0.00011802060691934457,0.00015197103740072215,0.00021399958538380012
159.0,-250.0001899889624,299.99969966087042,-1.0001519999224324,-250.00028362779099,299.9998176973499,-1.0000001639059384,9.3638828587927492e-05,0.00011803647947772333,0.00015183601649404466,0.00021390422298681733
159.5,-250.00018995602167,299.99969969017087,-0.99995289995205994,-250.00028361299826,299.99981771122037,-1.0000002931082399,9.365697658836325e-05,0.00011802104950220382,4.7393156179964535e-05,0.00015794527103390394
160.0,-250.00018995602167,299.99969969017087,-0.99995289995205994,-250.00028360217766,299.99981772310605,-1.0000004161788942,9.3646155988835744e-05,0.00011803293517687052,4.7516226834298791e-05,0.00015798470853383632
160.5,-250.00018993893576,299.99969971155889,-1.0001602334126818,-250.00028359522324,299.99981773303631,-1.0000005328325039,9.36562874755964e-05,0.00011802147741946101,0.00015970058017789057,0.0002195560170551897
161.0,-250.00018993893576,299.99969971155889,-1.0001602334126818,-250.00028359201571,299.99981774104589,-1.0000006428281136,9.3653079943578632e-05,0.00011802948699823901,0.00015959058456815889,0.00021947895996380262
161.5,-250.0001899368028,299.99969972529703,-0.99988832118798998,-250.00028359242384,299.99981774717475,-1.0000007459631932,9.3655621043353676e-05,0.00011802187771081663,0.00011242477520323479,0.00018798901311220585
162.0,-250.0001899368028,299.99969972529703,-0.99988832118798998,-250.0002835963069,299.99981775146927,-1.0000008420701869,9.3659504102561186e-05,0.00011802617223111156,0.00011252088219693146,0.00018805113392543374
162.5,-250.00018994852135,299.99969973172949,-0.99986215064012751,-250.00028360351504,299.99981775398248,-1.0000009310168922,9.3654993690961419e-05,0.00011802225299106794,0.00013878037676473554,0.00020484262988768626
163.0,-250.00018994852135,299.99969973172949,-0.99986215064012751,-250.00028361389008,299.99981775477266,-1.0000010127059782,9.3665368723350184e-05,0.00011802304317143353,0.00013886206585067562,0.0002049031804288176
163.5,-250.00018997285335,299.99969973130976,-1.0001661190396476,-250.00028362726684,299.99981775390268,-1.0000010870741178,9.3654413490185107e-05,0.00011802259291471273,0.00016503196552974941,0.0002234637134997872
164.0,-250.00018997285335,299.99969973130976,-1.0001661190396476,-250.0002836434733,299.99981775143925,-1.0000011540997695,9.3670619946806255e-05,0.00011802012949146956,0.00016496493987805394,0.0002234197112955171
164.5,-250.00019000844799,299.99969972455284,-1.0000160077082207,-250.0002836623342,299.99981774745646,-1.0000012137682401,9.3653886210631754e-05,0.00011802290362084022,1.4793939980606297e-05,0.00015139127069153585
165.0,-250.00019000844799,299.99969972455284,-1.0000160077082207,-250.0002836836685,299.99981774202956,-1.0000012661157875,9.3675220512068336e-05,0.00011801747672279816,1.4741592433198392e-05,0.00015139513300455656
165.5,-250.00019005387466,299.99969971205564,-0.99998450886706924,-250.00028370729154,299.99981773523672,-1.0000013112064703,9.365341688294393e-05,0.00011802318107356768,1.6802339401045252e-05,0.00015160063447730866
166.0,-250.00019005387466,299.99969971205564,-0.99998450886706924,-250.00028373301595,299.99981772715785,-1.0000013491395154,9.367914128688426e-05,0.00011801510220266209,1.6840272446194682e-05,0.00015161444732021703
166.5,-250.00019010764348,299.99969969445226,-0.99995454823461494,-250.00028376065387,299.99981771787765,-1.0000013800149317,9.3653010395655656e-05,0.00011802342538658195,4.683178031672508e-05,0.00015777715596303814
167.0,-250.00019010764348,299.99969969445226,-0.99995454823461494,-250.0002837900162,299.99981770748121,-1.0000014039758403,9.3682372721559659e-05,0.00011801302895264598,4.6855741225315661e-05,0.0001577939239866131
167.5,-250.00019016824916,299.99969967243186,-1.0001194494964694,-250.00028382091349,299.99981769605495,-1.000001421189783,9.3652664332921631e-05,0.00011802362308799275,0.00011802830668639075,0.000191392471959396
168.0,-250.00019016824916,299.99969967243186,-1.0001194494964694,-250.00028385315733,299.99981768368639,-1.0000014318434884,9.3684908165414527e-05,0.00011801125452848282,0.00011801765298091738,0.00019139405588594632
168.5,-250.0001902341738,299.99969964666855,-0.99994686075823846,-250.00028388656111,299.99981767046359,-1.0000014361432443,9.3652387306519813e-05,0.0001180237950393348,5.4575385005861676e-05,0.0001602462433014744
169.0,-250.0001902341738,299.99969964666855,-0.99994686075823846,-250.00028392094035,299.99981765647476,-1.0000014343137833,9.3686766547307343e-05,0.00011800980621501367,5.4573555544834562e-05,0.00016025541349296094
169.5,-250.00019030393474,299.99969961786911,-0.99982469135023821,-250.00028395611363,299.99981764180814,-1.0000014266029593,9.365217889012456e-05,0.00011802393902371477,0.00017673525272110524,0.0002322406733281971
170.0,-250.00019030393474,299.99969961786911,-0.99982469135023821,-250.00028399190322,299.99981762655136,-1.0000014132612136,9.3687968472977445e-05,0.00011800868225009253,0.00017672191097539702,0.00023223720275139612
170.5,-250.00019037610474,299.99969958675138,-0.99993729083155203,-250.00028402813587,299.99981761079135,-1.0000013945529809,9.3652031125657231e-05,0.00011802403997762667,6.410372142884313e-05,0.00016373656906026892
171.0,-250.00019037610474,299.99969958675138,-0.99993729083155203,-250.00028406464273,299.99981759461338,-1.0000013707658351,9.3688537987191012e-05,0.00011800786199955837,6.407993428303449e-05,0.00016373648225610004
171.5,-776.93744630869276,442.13861556962439,-1.0000015504793354,-250.00028410126043,299.99981757810122,-1.000001342193912,526.93716220743227,142.13879799152318,2.0828542335316058e-07,545.7712073842819
172.0,-776.93744630869276,442.13861556962439,-1.0000015504793354,-250.00028413783156,299.99981756133701,-1.0000013091390978,526.93716217086126,142.13879800828738,2.4134023757227396e-07,545.7712073533389
172.5,-776.93744638166299,442.138615535886,-0.99987954007387503,-250.00028417420458,299.99981754440046,-1.0000012719102274,526.93716220745841,142.13879799148555,0.00012173183635233453,545.771207384311
173.0,-776.93744638166299,442.138615535886,-0.99987954007387503,-250.00028421023512,299.99981752736971,-1.0000012308216844,526.93716217142787,142.13879800851629,0.0001216907478093221,545.7712073539591
173.5,-776.93744645321817,442.138615501804,-0.99996169999308904,-250.00028424578528,299.9998175103193,-1.0000011861919189,526.93716220743295,142.13879799148469,3.9486198829874475e-05,545.7712073842739
174.0,-776.93744645321817,442.138615501804,-0.99996169999308904,-250.00028428072491,299.99981749332159,-1.0000011383420122,526.93716217249323,142.13879800848241,3.9438348923170885e-05,545.7712073549668
174.5,-776.93744652228929,442.13861546795982,-0.99998138992494989,-250.00028431493095,299.99981747644586,-1.0000010875942098,526.93716220735837,142.13879799151397,1.9697669259910455e-05,545.7712073842085
175.0,-776.93744652228929,442.13861546795982,-0.99998138992494989,-250.00028434828855,299.99981745975805,-1.0000010342705876,526.93716217400072,142.13879800820177,1.9644345637725991e-05,545.7712073563481
175.5,-776.93744658792764,442.13861543488542,-0.99991111835952906,-250.00028438069074,299.99981744332104,-1.0000009786955248,526.93716220723695,142.13879799156439,8.9860335995783913e-05,545.7712073841114
176.0,-776.93744658792764,442.13861543488542,-0.99991111835952906,-250.00028441203855,299.99981742719382,-1.0000009211830663,526.93716217588906,142.13879800769161,8.9802823537210585e-05,545.7712073580454
176.5,-776.93744664931864,442.13861540307312,-0.99995317628531921,-250.00028444224108,299.99981741143188,-1.0000008620437808,526.93716220707756,142.13879799164124,4.7685758461590844e-05,545.7712073839723
177.0,-776.93744664931864,442.13861540307312,-0.99995317628531921,-250.00028447121613,299.99981739608745,-1.0000008015929369,526.93716217810254,142.13879800698567,4.7625307617704671e-05,545.7712073599934
177.5,-776.93744670577428,442.13861537294792,-0.9999593631051521,-250.00028449888922,299.99981738120835,-1.0000007401244928,526.93716220688509,142.13879799173958,4.1377019340704813e-05,545.7712073838114
178.0,-776.93744670577428,442.13861537294792,-0.9999593631051521,-250.00028452519467,299.99981736683924,-1.0000006779370771,526.93716218057966,142.13879800610869,4.1314831925043372e-05,545.7712073621561
178.5,-776.93744675673997,442.1386153448766,-0.99996174235110391,-250.00028455007498,299.99981735302123,-1.0000006153184915,526.93716220666499,142.13879799185537,3.8872967387582058e-05,545.771207383629
179.0,-776.93744675673997,442.1386153448766,-0.99996174235110391,-250.00028457348074,299.99981733979035,-1.0000005525466862,526.93716218325926,142.13879800508624,3.8810195582272833e-05,545.7712073644768
179.5,-776.93744680179827,442.13861531917365,-1.0001294362716573,-250.00028459537072,299.9998173271797,-1.0000004898894888,526.9371622064275,142.13879799199395,0.00012894638216853771,545.7712073834497
180.0,-776.93744680179827,442.13861531917365,-1.0001294362716573,-250.00028461571139,299.99981731521859,-1.0000004276040271,526.93716218608688,142.13879800395506,0.0001290086676302149,545.7712073669261
180.5,-776.93744684064802,442.13861529606999,-1.0000009298550254,-250.00028463447731,299.99981730393182,-1.0000003659360892,526.93716220617068,142.13879799213817,5.6391893621388078e-07,545.771207383224
181.0,-776.93744684064802,442.13861529606999,-1.0000009298550254,-250.00028465165013,299.99981729334127,-1.0000003051195308,526.93716218899795,142.13879800272872,6.247354946697925e-07,545.7712073694021
181.5,-776.93744687312392,442.13861527575619,-1.0000597766268369,-250.00028466721935,299.99981728346364,-1.0000002453757548,526.93716220590454,142.13879799229255,5.95312510820456e-05,545.7712073830105
182.0,-776.93744687312392,442.13861527575619,-1.0000597766268369,-250.0002846811812,299.99981727431333,-1.000000186913248,526.93716219194266,142.13879800144286,5.958971358888121e-05,545.7712073719135
182.5,-776.93744689917071,442.13861525835114,-0.99997574792459287,-250.00028469353919,299.99981726590073,-1.0000001299271841,526.93716220563147,142.13879799245041,2.4382002591250007e-05,545.7712073827852
183.0,-776.93744689917071,442.13861525835114,-0.99997574792459287,-250.00028470430303,299.99981725823272,-1.0000000745991326,526.93716219486771,142.13879800011841,2.4326674539776327e-05,545.77120737439
183.5,-776.93744691884854,442.13861524392576,-1.0000516889416347,-250.0002847134889,299.99981725131278,-1.0000000210968103,526.93716220535964,142.13879799261298,5.1667844824354603e-05,545.771207382567
184.0,-776.93744691884854,442.13861524392576,-1.0000516889416347,-250.0002847211191,299.99981724514129,-0.99999996957390369,526.93716219772944,142.13879799878447,5.1719367730962418e-05,545.7712073768075
184.5,-776.93744693231201,442.13861523248926,-0.99993759642316993,-250.0002847272213,299.99981723971524,-0.999999920169934,526.93716220509077,142.13879799277402,6.2323746764070265e-05,545.7712073823506
185.0,-776.93744693231201,442.13861523248926,-0.99993759642316993,-250.0002847318286,299.99981723502873,-0.99999987301021187,526.93716220048339,142.13879799746053,6.2276587041942832e-05,545.7712073791226
185.5,-776.93744693981046,442.13861522400657,-0.99996085645817245,-250.00028473497926,299.99981723107305,-0.99999982820586386,526.93716220483122,142.13879799293352,3.8971747691407543e-05,545.7712073821393
186.0,-776.93744693981046,442.13861522400657,-0.99996085645817245,-250.000284736716,299.99981722783667,-0.99999978585385063,526.93716220309443,142.1387979961699,3.8929395678177769e-05,545.7712073813053
186.5,-776.93744694167049,442.13861521839573,-0.99987484548012051,-250.00028473708622,299.99981722530612,-0.9999997460351262,526.9371622045843,142.13879799308961,0.00012490055500569142,545.7712073819545
187.0,-776.93744694167049,442.13861521839573,-0.99987484548012051,-250.00028473614009,299.99981722346354,-0.99999970882334011,526.9371622055304,142.13879799493219,0.00012486334321959447,545.7712073833478
187.5,-776.93744693828558,442.13861521552951,-0.99998241479641281,-250.00028473393229,299.99981722229057,-0.99999967427241077,526.93716220435329,142.13879799323894,1.7259475997954965e-05,545.7712073817562
188.0,-776.93744693828558,442.13861521552951,-0.99998241479641281,-250.00028473052078,299.99981722176676,-0.99999964242419748,526.9371622077648,142.13879799376275,1.7227627784666133e-05,545.7712073851865
188.5,-776.93744693010694,442.13861521525018,-0.9999384083201186,-250.00028472596617,299.99981722186931,-0.99999961330797915,526.9371622041408,142.13879799338088,6.1204987860552507e-05,545.7712073815912
189.0,-776.93744693010694,442.13861521525018,-0.9999384083201186,-250.00028472033125,299.99981722257388,-0.9999995869405649,526.93716220977569,142.1387979926763,6.1178620446300513e-05,545.7712073868481
189.5,-776.93744691763038,442.13861521736834,-0.99990576308652535,-250.00028471368114,299.99981722385428,-0.99999956332662465,526.93716220394924,142.13879799351406,9.3800240099306542e-05,545.7712073814456
190.0,-776.93744691763038,442.13861521736834,-0.99990576308652535,-250.0002847060826,299.99981722568299,-0.99999954245909262,526.93716221154773,142.13879799168535,9.3779372567270869e-05,545.7712073883056
190.5,-776.93744690138465,442.13861522166849,-0.99990601471869966,-250.00028469760395,299.99981722803147,-0.99999952431965988,526.93716220378064,142.13879799363701,9.3509600960217654e-05,545.7712073813148
191.0,-776.93744690138465,442.13861522166849,-0.99990601471869966,-250.00028468831445,299.99981723086972,-0.99999950887926337,526.93716221307022,142.13879799079876,9.3494160563700746e-05,545.7712073895447
191.5,-776.93744688192032,442.13861522791586,-0.99990720930980448,-250.00028467828426,299.99981723416727,-0.99999949609862449,526.93716220363603,142.1387979937486,9.2286788820006294e-05,545.771207381204
192.0,-776.93744688192032,442.13861522791586,-0.99990720930980448,-250.00028466758366,299.9998172378925,-0.99999948592885712,526.93716221433669,142.13879799002336,9.2276619052644726e-05,545.7712073905652
192.5,-776.93744685979937,442.13861523586189,-0.99987788956380597,-250.00028465628313,299.99981724201319,-0.99999947831198099,526.93716220351621,142.1387979938487,0.00012158874817502774,545.7712073811201
193.0,-776.93744685979937,442.13861523586189,-0.99987788956380597,-250.00028464445319,299.99981724649717,-0.99999947318152149,526.93716221534623,142.13879798936472,0.00012158361771552606,545.7712073913741
193.5,-776.93744683558373,442.13861524524464,-1.0000136517560048,-250.00028463216353,299.99981725131153,-0.99999947046316362,526.93716220342026,142.13879799393311,1.4181292841142223e-05,545.7712073810361
194.0,-776.93744683558373,442.13861524524464,-1.0000136517560048,-250.00028461948349,299.99981725642357,-0.99999947007532541,526.93716221610021,142.13879798882107,1.4181680679348219e-05,545.7712073919471
194.5,-776.93744680982888,442.13861525580313,-1.0000860113271717,-250.00028460648099,299.99981726180044,-0.99999947192977889,526.93716220334795,142.13879799400269,8.6539397392781936e-05,545.7712073809911
195.0,-776.93744680982888,442.13861525580313,-1.0000860113271717,-250.000284593223,299.99981726740947,-0.9999994759323011,526.93716221660588,142.13879798839366,8.6535394870579374e-05,545.7712073923308
195.5,-776.93744678307553,442.1386152672805,-0.99996275592662898,-250.00028457977456,299.99981727321807,-0.99999948198329269,526.937162203301,142.13879799406243,3.67260566637162e-05,545.7712073809557
196.0,-776.93744678307553,442.1386152672805,-0.99996275592662898,-250.00028456619958,299.99981727919436,-0.9999994899784147,526.937162216876,142.13879798808614,3.6734051785725086e-05,545.7712073925057
196.5,-776.93744675583594,442.13861527941475,-1.0000245909321637,-250.00028455255955,299.99981728530707,-0.99999949980919656,526.93716220327633,142.13879799410768,2.5091122967113577e-05,545.7712073809431
